id,description,rules,created,changed,created_by
NzjvhLlqwn,Cross-platform tertiary support,Support,18:04:29.000,5:58:47.000,wdriscoll58
NacbpPhbcd,Open-source eco-centric methodology,Accounting,2:13:37.000,10:36:11.000,earnelyga
IculoFsfsf,Focused human-resource initiative,Services,14:25:19.000,6:42:15.000,fpauwel3k
RtrdmNrhrh,Up-sized eco-centric knowledge user,Support,23:42:01.000,17:20:59.000,khicklingbottom87
FdplhSwxqh,Realigned coherent secured line,Legal,23:35:26.000,14:55:04.000,ebedenli
QikbaAmabc,Integrated 24 hour help-desk,Legal,11:08:25.000,5:08:31.000,rblum9k
YdlsbHoozy,Networked mobile secured line,Marketing,12:17:09.000,17:44:00.000,alaurentoc
DfornWzoqn,Automated incremental time-frame,Training,0:18:00.000,22:47:44.000,jhollibonem
VtrjnAchgo,Switchable executive application,Services,14:20:13.000,22:00:09.000,tbattabeeq2
VaxdnComin,Seamless dedicated secured line,Engineering,9:42:26.000,19:37:06.000,scurstoniv
KypphMspxo,Object-based 24/7 ability,Business Development,15:45:51.000,17:19:06.000,hmeekin1w
EelqvVtfhe,Business-focused encompassing leverage,Services,19:22:38.000,19:37:33.000,balywingw
IishoGcklp,Configurable secondary attitude,Human Resources,13:47:48.000,9:46:22.000,dgarnla
EnwwrFijig,Customizable cohesive installation,Legal,21:02:12.000,4:46:10.000,ostrutleycx
IsgzoTyehd,Re-contextualized user-facing local area network,Marketing,12:19:22.000,3:51:10.000,ggwilliamse2
AtutiYcgne,Persistent 3rd generation collaboration,Support,14:21:44.000,1:30:41.000,emcgorleya5
FdnkhSjizz,Up-sized attitude-oriented open architecture,Services,11:21:24.000,7:03:44.000,gbraisherds
SwfutMrgkw,Optimized background intranet,Product Management,21:49:58.000,14:28:59.000,pbrake6
IebukRonep,Self-enabling web-enabled firmware,Legal,11:45:19.000,19:51:36.000,opeckett5v
OltxoWjnoi,Innovative non-volatile extranet,Business Development,20:28:00.000,12:14:07.000,vconcannonjm
VrvwaEusqk,Right-sized logistical flexibility,Sales,15:48:25.000,16:19:04.000,smetzigke
LhbulEkuii,Proactive national algorithm,Product Management,1:42:06.000,10:40:07.000,kkurtono1
RadciDaquu,Reactive explicit firmware,Sales,8:14:04.000,23:37:02.000,tcurrf1
IxzssChkku,Enhanced dynamic middleware,Human Resources,17:36:02.000,16:35:13.000,lbudleigho6
DeeoxCfste,Triple-buffered explicit task-force,Marketing,5:30:18.000,3:27:23.000,rgaltoneps
CxinlLtfrt,Fully-configurable asymmetric access,Accounting,23:39:46.000,11:00:05.000,kswinfen5b
HiljmWlocx,Exclusive uniform website,Engineering,17:35:56.000,11:20:36.000,gattridge9l
QktvePcihf,Reactive interactive algorithm,Business Development,7:52:44.000,3:45:55.000,ndougherif
HmhmsFhheh,Ergonomic context-sensitive project,Legal,17:02:40.000,0:33:07.000,sdurranceqc
UefprKvzlo,Customer-focused solution-oriented circuit,Business Development,4:27:52.000,10:48:19.000,asmoothd5
GuaqgEyqxd,Multi-channelled analyzing orchestration,Engineering,11:55:09.000,22:17:30.000,scampapu
HciqgQgzmf,Advanced uniform benchmark,Engineering,14:25:34.000,20:58:15.000,keasthamgl
ZrtjfQqzex,Customizable holistic complexity,Support,10:27:51.000,7:44:19.000,mmullord14
YwltqIabci,Reduced client-driven attitude,Legal,14:07:22.000,9:14:18.000,wcolquitt6e
GkqgoZkqel,Inverse systemic collaboration,Support,2:20:46.000,13:24:13.000,cstrondcg
EyefdBohgg,Sharable explicit ability,Marketing,7:38:54.000,14:54:04.000,wmellodyaw
VxpipQnvgf,Ergonomic encompassing software,Marketing,17:52:04.000,9:18:36.000,pmacmarcuis2g
QqirvOydvu,Public-key hybrid superstructure,Marketing,17:03:18.000,10:54:38.000,cdelahuntyog
SkhbuKxdis,Fundamental context-sensitive hub,Marketing,14:43:54.000,21:47:18.000,sroncint
FdlihZuxmq,Compatible methodical Graphical User Interface,Human Resources,7:15:11.000,9:15:36.000,cyosselevitch6t
HtwnvWldxu,Pre-emptive 24 hour definition,Training,3:26:54.000,11:38:35.000,nmunnioni0
UsnsvCeord,Advanced bifurcated customer loyalty,Support,0:48:53.000,7:07:17.000,jdigweed10
FcevuCwrju,Realigned disintermediate utilisation,Accounting,20:16:10.000,17:25:44.000,kelderton57
JnuqxImkpt,Customizable reciprocal application,Legal,22:48:00.000,22:06:19.000,hfarrellct
EgkoeAgaoj,Total transitional synergy,Sales,2:40:19.000,12:48:54.000,gpoyntonj9
SmjdpMspuh,Sharable grid-enabled array,Research and Development,22:35:19.000,15:41:55.000,erisdalepe
EjcwgImkjf,Visionary optimizing policy,Support,7:57:22.000,2:08:19.000,chansedfk
FixqnYsnay,Customer-focused optimal throughput,Research and Development,0:12:53.000,8:10:43.000,osirmanhf
MisavVhyev,Operative bi-directional intranet,Sales,9:27:30.000,0:49:20.000,polliffebk
PkbjzUdbhl,User-centric human-resource orchestration,Sales,8:36:21.000,23:55:58.000,lcracoeiy
NmurwPfyyv,Re-contextualized 5th generation intranet,Services,21:27:03.000,18:30:59.000,lwhallie
VzzmoMchxn,Function-based optimizing encoding,Research and Development,13:13:43.000,17:38:31.000,mhearmonr8
BbwelTjpam,Automated methodical focus group,Training,5:50:14.000,11:45:08.000,cberrisfordj1
IorypTrtoz,Synchronised scalable attitude,Accounting,9:35:07.000,15:53:24.000,fbrunicke3t
MfjnqAinly,Cross-platform composite initiative,Legal,9:19:23.000,8:43:33.000,jhaizeldenc7
IjdssZqsox,Progressive asynchronous leverage,Accounting,12:08:10.000,15:23:23.000,hrowetl6
UdcdaZfmeo,Ameliorated bifurcated frame,Marketing,19:21:51.000,19:08:27.000,tfriel9z
ZsjutHjomy,Extended static installation,Sales,15:26:03.000,23:21:57.000,vspaight9c
KoqlsMzzru,Customer-focused value-added internet solution,Research and Development,16:41:07.000,15:48:13.000,sallridgeio
FimquUlikb,Pre-emptive asynchronous synergy,Sales,12:25:15.000,15:58:42.000,kscarlettz
LskfeBeosn,Customer-focused bandwidth-monitored architecture,Services,3:57:34.000,12:57:56.000,clanfare8l
LxatgZzdhu,Public-key full-range challenge,Legal,18:36:02.000,23:31:45.000,acostellfr
TgjfdPbtez,Intuitive interactive model,Accounting,23:19:18.000,7:44:39.000,mmuldere4
DtksvCrnjm,Public-key 6th generation encoding,Marketing,13:12:35.000,19:03:33.000,cmebes2y
ZfryiBzvmw,Open-source multimedia methodology,Business Development,15:13:53.000,23:29:06.000,bvasyukovnd
DwttyNprzq,Object-based systematic archive,Research and Development,5:28:57.000,9:25:07.000,mhaburne8h
UdiltPuwdn,Progressive value-added secured line,Business Development,5:28:13.000,7:07:34.000,aklementc4
SmuxyAnqrv,Grass-roots grid-enabled frame,Marketing,17:19:21.000,21:22:06.000,jwoodman6q
YsuqoSubir,Ameliorated intermediate budgetary management,Product Management,13:10:29.000,14:25:01.000,vbigadikenz
DgfsoYjbjd,Virtual user-facing secured line,Marketing,9:59:07.000,3:21:19.000,tboakesg4
BnmhpGchcd,Team-oriented executive protocol,Accounting,6:00:37.000,12:03:14.000,ahandmorebs
AstehUpgxy,Multi-lateral static interface,Services,20:40:17.000,22:53:06.000,oquarlesd
MufwlKiszj,Versatile tangible collaboration,Sales,22:45:11.000,0:56:57.000,fmaccrackend7
AuzkhGexuw,Proactive 24/7 definition,Support,17:44:41.000,17:46:30.000,ncockson13
WqxisUrjaa,Visionary tangible extranet,Services,19:07:10.000,21:07:30.000,rfurmenger5i
CrnrtSccwq,Self-enabling next generation encoding,Accounting,2:45:05.000,12:03:16.000,hsheddan63
UworlWhxvl,Cloned homogeneous ability,Services,12:40:02.000,6:36:34.000,hbrickka
MrbrsWviia,Team-oriented interactive process improvement,Accounting,6:59:45.000,17:12:23.000,creah2m
MdptwWofvn,Upgradable context-sensitive structure,Business Development,20:47:34.000,19:22:02.000,pmowlesfd
FgfrcVpyqb,Operative zero defect toolset,Legal,14:54:38.000,7:48:33.000,bpuntqm
KiklpLwbbp,User-friendly high-level Graphical User Interface,Engineering,14:56:29.000,10:51:52.000,ofulloway2q
GxzrgLpoxw,Quality-focused national orchestration,Business Development,12:23:06.000,2:46:27.000,afrankowskif9
EjpjqCkzrs,Triple-buffered hybrid website,Services,22:55:34.000,19:29:14.000,mswindell35
DkujtOnqud,Automated intermediate algorithm,Support,23:41:31.000,6:33:12.000,sesley70
ZxgqkUvfph,Ameliorated systematic strategy,Sales,19:09:38.000,21:32:49.000,srowbury45
UtwclEonhq,Profound logistical pricing structure,Accounting,7:47:03.000,2:37:37.000,mcohanie0
WrbfjXhlal,Total systemic challenge,Human Resources,12:55:48.000,6:10:47.000,kkubachba
WyonbCyhxz,Vision-oriented 24/7 array,Training,17:37:31.000,4:35:08.000,drockallhu
ZrajyUafnt,Vision-oriented exuding workforce,Engineering,16:39:19.000,12:38:47.000,singleyec
RnsleEfcws,Re-engineered executive internet solution,Accounting,14:56:25.000,20:32:42.000,ebrierly4j
GrnwwWvxzc,Reverse-engineered composite open architecture,Support,1:16:16.000,12:28:52.000,dgarnla
OwohoRirkf,Face to face scalable open architecture,Sales,19:08:22.000,8:48:03.000,wbuttler3i
HfjjnDboze,Team-oriented reciprocal software,Support,14:03:40.000,1:01:32.000,smacellenis
ZhznbUpkwq,Reduced 3rd generation Graphic Interface,Accounting,17:24:47.000,3:03:53.000,sthurlby28
WdpvvDglfo,Customer-focused 24 hour local area network,Legal,7:12:22.000,12:48:16.000,lweissji
RzpfxCietj,Fully-configurable radical secured line,Engineering,8:27:57.000,3:59:38.000,cfishwickib
AgrdvWvifi,Cross-group discrete data-warehouse,Engineering,5:40:02.000,7:49:49.000,ebagenal3q
TifgwGcifw,Cross-group asymmetric artificial intelligence,Sales,4:33:50.000,5:59:57.000,eglentzey
UiiroStzip,Upgradable grid-enabled pricing structure,Human Resources,13:34:50.000,6:02:14.000,bpuntqm
AfkrkHvfml,Multi-layered encompassing monitoring,Support,3:55:46.000,1:14:25.000,ctoffoletto97
YrxxpZcgld,Versatile stable throughput,Accounting,11:51:48.000,0:17:10.000,keilhartv
HvpqdHfzwf,Up-sized encompassing database,Services,16:22:00.000,22:45:22.000,spearne98
SfoabEhdfl,Proactive scalable Graphic Interface,Business Development,15:32:15.000,13:00:58.000,wciardo4q
KakfhPwkel,Exclusive holistic info-mediaries,Legal,18:03:26.000,14:50:04.000,nmorad8
BqvbrAusjq,Function-based responsive time-frame,Sales,8:17:13.000,14:30:39.000,chelstromer
FqqvqVbnmr,Multi-layered systematic help-desk,Engineering,0:24:57.000,22:28:06.000,mvogtea
HqvoaPdjcs,Seamless next generation contingency,Research and Development,22:17:56.000,19:55:36.000,gmaase2r
MzqthRskdj,Expanded homogeneous database,Business Development,6:20:51.000,13:45:14.000,dnarisam
RoszfZdmhn,Adaptive leading edge policy,Sales,1:49:31.000,6:57:20.000,cmaccrackena4
HkjiyJased,Customer-focused disintermediate emulation,Accounting,1:15:36.000,20:05:58.000,bericssenhr
OkbdmBanmq,Open-architected heuristic workforce,Engineering,7:12:12.000,23:46:25.000,pzamboniari4y
DgcclKsvdd,Digitized exuding toolset,Services,15:49:49.000,12:46:17.000,apiell9d
UehxnDayhz,Re-contextualized intermediate info-mediaries,Research and Development,10:44:44.000,18:03:47.000,berie3p
NqlpcGtyly,Digitized foreground extranet,Research and Development,23:21:23.000,1:50:50.000,fsaltreseoe
GoohbIzpwo,Re-engineered homogeneous framework,Engineering,17:25:25.000,23:38:47.000,gtarge7t
HvizvIxzax,Digitized transitional infrastructure,Product Management,3:33:04.000,1:55:28.000,jfilasovmk
BrcojTfnfe,Seamless neutral project,Research and Development,10:30:30.000,1:00:29.000,dsorrelni
BkmmcVfcho,Open-architected disintermediate framework,Human Resources,23:18:28.000,3:50:21.000,lsollasdr
MtmxqLjvlw,Function-based global projection,Engineering,13:30:12.000,21:05:24.000,ethompsonor
TplvzWidjw,Realigned encompassing implementation,Research and Development,16:49:14.000,3:03:03.000,dbexleyo4
NnqbfRogpl,Intuitive fault-tolerant protocol,Services,12:20:08.000,15:45:33.000,jjaffrey7l
TznehYkfgn,Intuitive tertiary focus group,Human Resources,14:11:25.000,2:11:14.000,dblampied25
EinegQbshf,Configurable responsive policy,Product Management,3:01:05.000,4:23:27.000,sshaylorpj
HpgxdDgtjl,Vision-oriented systemic hub,Training,4:33:24.000,3:31:06.000,gbeechcraftov
XnehtIegqa,Integrated hybrid migration,Research and Development,18:06:13.000,20:51:27.000,mmeneopr
YgcntFfbvh,Reduced upward-trending product,Business Development,6:38:32.000,11:04:07.000,btruslerg8
RqsdeDywuh,Ergonomic upward-trending secured line,Training,23:00:29.000,13:44:31.000,cwhetherl8
RcdhbOadip,Quality-focused exuding strategy,Human Resources,19:36:28.000,5:21:31.000,kcleeb7
CghscLacfy,Re-contextualized fault-tolerant open system,Legal,10:55:09.000,5:54:14.000,clanfare8l
LkvrwKvwya,Synchronised web-enabled local area network,Engineering,17:42:27.000,6:18:44.000,mminorsig
WxvcdFotsi,User-centric bandwidth-monitored service-desk,Human Resources,22:01:30.000,0:53:55.000,jbewleyi8
RhscvHgzrw,Public-key optimizing knowledge base,Legal,12:28:20.000,11:36:25.000,mmullis9u
ZsexmQrnws,Optional empowering process improvement,Training,18:48:51.000,9:08:42.000,kkohlerthw
NdunwAwqzm,Automated mission-critical algorithm,Legal,1:05:44.000,6:12:49.000,bcorsan6o
OmkcqKvuvv,Devolved context-sensitive definition,Product Management,7:38:35.000,19:10:51.000,chelstromer
ImvsoUiwok,Advanced well-modulated methodology,Legal,19:28:13.000,1:09:54.000,mchasmerk3
EvqubJmvpj,Cross-platform national moratorium,Legal,18:00:46.000,0:40:45.000,lsayles3a
RnwxzIqgsi,Reduced eco-centric instruction set,Marketing,18:05:51.000,9:30:48.000,tsebirenn
JsuxwAzauj,Compatible stable open architecture,Legal,16:55:29.000,12:35:13.000,dsorrelni
ZfcorMntxl,Re-engineered system-worthy initiative,Services,7:47:26.000,16:36:11.000,hcrickettb8
XccraXjisi,Intuitive reciprocal success,Product Management,2:36:34.000,4:50:00.000,jtarbardkk
UnudqOjmvi,Cloned reciprocal capability,Engineering,18:54:38.000,10:22:43.000,vletfordjd
DujffIpnog,Networked impactful artificial intelligence,Research and Development,23:33:16.000,18:43:24.000,vnunnerleyku
EyvkjLqvvm,Synchronised non-volatile function,Engineering,11:03:23.000,3:42:11.000,ataks23
AypgeDsivf,Inverse transitional algorithm,Business Development,9:46:35.000,3:13:01.000,acostellfr
BkwyaAvdia,Persevering needs-based attitude,Business Development,16:55:25.000,12:38:47.000,tfriel9z
YezblWjicd,Switchable real-time initiative,Human Resources,10:15:04.000,0:59:50.000,aquail99
IyzdhBasvy,Enterprise-wide client-server circuit,Marketing,14:27:04.000,12:02:26.000,nfabryg7
AzmrnOkgyw,De-engineered dynamic strategy,Training,22:25:18.000,2:14:33.000,mnutth
GqlthLfyux,Extended optimal application,Services,13:36:00.000,22:00:06.000,gbeechcraftov
JstbjXhpum,Visionary clear-thinking internet solution,Services,4:16:48.000,23:37:53.000,nmeneermd
BmeewJdgpu,Total next generation leverage,Services,10:10:00.000,15:42:19.000,kfrunks81
PmsteGdwxq,Reverse-engineered multi-tasking moderator,Business Development,23:03:09.000,10:15:57.000,wvidineev2
EmnpmEfpjr,Monitored responsive installation,Legal,10:52:44.000,8:58:15.000,dsherwell49
VsrlkJpmqa,Fully-configurable regional help-desk,Sales,5:37:59.000,3:50:53.000,djakoviljevicbu
DzigwMjigr,Multi-layered client-driven parallelism,Accounting,15:10:27.000,23:50:30.000,hmacguireew
OlqwmTiyyo,Switchable directional firmware,Services,2:04:35.000,18:13:52.000,nworhamlb
HdqqlJddvb,Synchronised empowering functionalities,Sales,16:16:41.000,0:35:16.000,comulderrig1
LvjdvVltuf,Profound discrete throughput,Engineering,18:36:48.000,1:03:42.000,asquire5u
GjbauBxspe,Organic exuding concept,Services,16:04:25.000,12:51:23.000,ctoffoletto97
QhcmfYnwwe,Total bottom-line protocol,Research and Development,15:27:26.000,9:38:59.000,rshillaber7d
GtxisOjkve,Future-proofed foreground neural-net,Support,18:26:46.000,16:21:15.000,mvogtea
SijoqEwqxx,Profit-focused dynamic monitoring,Training,12:52:06.000,6:58:59.000,hharbacke5
GkouyCywam,Reduced holistic methodology,Marketing,10:05:06.000,8:41:31.000,nmcloneyf4
YqmuyWfmrn,Reduced 4th generation approach,Training,8:08:11.000,18:24:01.000,hpulmanjg
YlwuvEjbqm,Expanded composite instruction set,Sales,14:10:42.000,9:03:26.000,btruslerg8
FwtpeXswbf,Enhanced bi-directional support,Legal,2:31:06.000,23:48:21.000,eianilliia
TvhodOslkn,Integrated holistic emulation,Legal,1:25:22.000,7:12:38.000,rgaltoneps
VhyzeUquxt,Optimized background installation,Marketing,16:20:31.000,17:18:35.000,obirtwhistle27
UxdazYbgmy,Phased needs-based pricing structure,Product Management,13:57:26.000,23:27:34.000,djakoviljevicbu
VsmuwYkixb,Expanded optimizing Graphic Interface,Legal,12:26:52.000,9:07:50.000,rpinn2t
QbsakGoptx,Configurable impactful time-frame,Engineering,16:39:43.000,21:15:59.000,toglevie5r
VswanIhdzg,Adaptive exuding matrices,Accounting,19:29:09.000,14:05:51.000,jpitfordhg
IylfqVxkal,Advanced web-enabled monitoring,Services,9:37:09.000,20:04:28.000,ewarbeypo
XcgrmVdciv,Future-proofed leading edge initiative,Services,19:58:04.000,6:50:00.000,wschiementz8y
EhaevBzsyr,Multi-channelled responsive project,Product Management,1:24:34.000,21:47:25.000,bsmothhc
RbsjiUezfa,User-centric client-server access,Services,15:20:32.000,15:36:42.000,elambirth5w
ZdydaDqzdz,Synergized value-added productivity,Accounting,1:54:39.000,8:18:11.000,osirmanhf
NqwgsFqafa,Persistent holistic website,Human Resources,7:57:47.000,12:00:21.000,ebarrand4p
OxhszLbdjr,Function-based fresh-thinking database,Engineering,22:25:38.000,21:08:56.000,dnavaro93
SnblfQmeoy,Organic client-server structure,Product Management,12:25:21.000,8:03:57.000,whurles65
TmussAocfi,Monitored zero tolerance info-mediaries,Services,22:20:48.000,17:30:35.000,hrozalskiox
AmpacJxxwr,Organized mobile hierarchy,Support,14:08:23.000,3:54:28.000,sallridgeio
WimnrJumze,Object-based 24 hour customer loyalty,Accounting,18:40:48.000,16:42:12.000,eplant9p
PmifdQpahq,User-friendly actuating Graphic Interface,Product Management,13:44:45.000,16:48:38.000,bhaggerstone4s
PwgaoNdqbi,Phased modular application,Product Management,7:21:33.000,20:28:11.000,hshuttlewood8u
BfhwnXxdjd,Stand-alone 24 hour alliance,Support,9:21:01.000,18:58:52.000,pondrus73
TxfinObdtq,De-engineered client-server collaboration,Business Development,0:31:06.000,18:30:17.000,cmethringham15
SfuliExmzh,Extended 24 hour website,Support,1:55:34.000,16:37:26.000,sjanuszewicznh
KenvcPowey,Object-based mission-critical help-desk,Human Resources,0:04:17.000,7:33:11.000,midendenc9
IkexuGgpqz,Profound hybrid local area network,Training,18:04:32.000,17:51:28.000,eplant9p
McharUajct,User-centric coherent analyzer,Marketing,6:50:13.000,16:20:34.000,mbagguleyk
OhdxqWhvua,Open-source reciprocal policy,Sales,6:38:18.000,4:26:50.000,ecounterju
XgaruVgbgt,Profit-focused grid-enabled protocol,Marketing,21:16:08.000,5:40:14.000,jcromblehomep5
AvepoCgfec,Exclusive bi-directional frame,Sales,2:24:40.000,21:06:16.000,smanlowd9
FdoztGukdl,Reverse-engineered dynamic installation,Services,18:19:12.000,4:38:00.000,glintillix
TgadpRfbmh,Expanded logistical concept,Legal,13:32:46.000,17:55:33.000,lcanbya
IiigfKciil,Pre-emptive demand-driven conglomeration,Marketing,19:39:59.000,0:57:32.000,ahessentalerqr
TreckPbgpt,User-friendly asymmetric collaboration,Legal,17:46:23.000,2:26:40.000,wharborde1
CdjwgAnnji,Self-enabling attitude-oriented product,Training,13:43:46.000,1:14:34.000,mbrentonq8
CtqiqEjzhf,Assimilated human-resource firmware,Business Development,20:43:24.000,5:52:27.000,cdrawmerlg
XseitLmxtb,Secured next generation contingency,Human Resources,13:30:17.000,23:44:52.000,fbrunicke3t
CteodJkavj,Mandatory client-driven parallelism,Business Development,14:48:02.000,2:03:31.000,emeadley5m
CpywsYyvzk,Progressive explicit customer loyalty,Marketing,10:10:56.000,14:34:40.000,kbalmadiermg
MdbbcAsgul,Team-oriented analyzing emulation,Engineering,17:37:12.000,13:24:05.000,bmcfaul38
DlyyxFcxxm,Polarised bi-directional analyzer,Accounting,12:54:21.000,2:59:35.000,saberhartjf
JaqhaOgeky,Monitored executive productivity,Marketing,3:17:54.000,18:12:15.000,leriksson6x
PhxsbLtake,Implemented systemic framework,Services,12:21:52.000,19:59:08.000,bbennikea0
LpuonQsouk,Public-key local service-desk,Services,22:16:46.000,8:01:44.000,cspearsnb
KxmraCutam,Implemented full-range workforce,Sales,4:26:07.000,21:32:57.000,wwilloughwayq3
TbudlJyzbz,Cross-group client-driven portal,Human Resources,18:57:00.000,7:24:32.000,ebagenal3q
KjxgsJhuxp,Implemented tertiary array,Marketing,4:46:39.000,17:30:35.000,ghick48
UgnpaRlite,Cross-group user-facing parallelism,Training,10:51:26.000,3:07:09.000,seymormu
GizmgXsqla,Ameliorated multi-state portal,Engineering,21:14:46.000,14:22:02.000,vspaight9c
OwypdAfcjl,Persistent foreground concept,Sales,21:52:57.000,18:57:50.000,mdron4m
AyofpBdcuf,Expanded transitional budgetary management,Research and Development,5:46:09.000,0:07:12.000,bgotlingge
CgsyrVcmea,Multi-tiered directional definition,Engineering,15:29:22.000,14:30:05.000,stesdaleqf
CucacOmmwo,Optional scalable database,Support,15:46:40.000,18:58:41.000,evannsj7
SlmnzDzfvn,Organized cohesive analyzer,Legal,13:38:34.000,21:28:42.000,nlanchbury1h
KbjmbJdrmw,Vision-oriented asymmetric middleware,Research and Development,5:53:56.000,3:07:24.000,btruslerg8
DltjmNqovo,Future-proofed scalable website,Engineering,6:53:32.000,19:28:35.000,kpilex
RazzdEkvpd,Switchable user-facing hardware,Training,2:42:28.000,14:29:39.000,bemberygj
VwaktSasro,Universal 6th generation encoding,Research and Development,15:59:07.000,1:14:35.000,bmapletoftaz
FjppzRvuyo,Universal radical intranet,Marketing,5:18:29.000,20:07:52.000,awilcockesbn
IycgsJneui,Robust foreground standardization,Engineering,15:20:58.000,1:26:29.000,wsimkisskz
PeeefNlyuj,Centralized asynchronous open system,Accounting,4:02:41.000,7:12:17.000,jnowlannw
TckqpPsclg,Switchable client-driven function,Services,13:02:49.000,12:42:09.000,bherleyap
RryezVgcxy,Up-sized multimedia paradigm,Accounting,9:59:07.000,0:10:05.000,twalklett8a
GbsivMmrpe,Monitored intangible toolset,Product Management,20:05:14.000,17:20:37.000,survoyjo
DhngbXotxt,Versatile transitional alliance,Sales,5:01:43.000,9:24:05.000,mvogtea
QsximRtcsp,Secured non-volatile complexity,Human Resources,11:06:23.000,14:58:50.000,lsayles3a
EciboArehg,Universal demand-driven info-mediaries,Training,17:59:49.000,11:34:17.000,estag91
UrumbHgwik,Cross-group client-server access,Services,2:39:03.000,11:22:36.000,kebbettan
WpfscGvmzj,Pre-emptive background monitoring,Services,2:16:55.000,19:06:06.000,cstobie44
UcukvDiimm,Open-architected secondary adapter,Business Development,16:17:55.000,16:23:08.000,hstivebt
VfnnhXekmb,Managed demand-driven approach,Support,17:24:20.000,15:56:50.000,abywatersfj
AgikyYqlev,Programmable national software,Product Management,13:20:35.000,6:35:05.000,tvirr7q
IhbfeQkyri,Cloned holistic focus group,Support,1:37:56.000,13:41:07.000,abushegt
VikihBpkxv,Devolved clear-thinking installation,Product Management,6:36:31.000,0:39:01.000,dillingsworthrk
NktacGvgon,Optimized hybrid functionalities,Training,12:13:56.000,18:28:38.000,jdigweed10
SmzqxHqoot,Extended system-worthy task-force,Services,14:41:58.000,6:56:22.000,gswane7e
BtpxpEcnwm,Customer-focused composite projection,Sales,9:39:38.000,1:08:11.000,bhaddleton1t
IcrzcWapln,User-friendly methodical artificial intelligence,Support,3:00:55.000,10:16:12.000,bkesonnm
SmjpoRpaiy,Reverse-engineered value-added encoding,Accounting,7:15:37.000,7:59:04.000,irushbyj4
SrxgvAphju,Proactive neutral approach,Services,7:31:48.000,5:22:57.000,lduckerr1
SldwmVoffy,Triple-buffered modular methodology,Accounting,19:39:06.000,7:23:05.000,eharnerhx
VqoeiHitgb,Versatile zero administration Graphic Interface,Product Management,7:02:44.000,22:10:17.000,dmatschkeo9
BhgkkDjdsg,Business-focused even-keeled core,Marketing,4:32:45.000,18:33:49.000,gvell4x
YrqnlWddwq,Exclusive modular analyzer,Research and Development,14:25:08.000,13:50:03.000,btruslerg8
CibylYgbvb,Implemented high-level synergy,Research and Development,11:31:22.000,10:50:59.000,bbennskc
NznffRwiol,Distributed multi-tasking system engine,Training,0:47:21.000,7:01:53.000,rocrowleyjc
WrcckAfjnx,Realigned zero administration flexibility,Marketing,17:41:57.000,0:32:29.000,gkillbyl9
QlgmvYzxjk,Ameliorated human-resource moratorium,Training,11:54:59.000,16:56:18.000,abywatersfj
YlinaItumh,Polarised intermediate hardware,Sales,16:30:33.000,16:33:17.000,toglevie5r
MwjbcJxtbu,Switchable analyzing budgetary management,Services,10:11:18.000,0:29:53.000,vjarayqo
VxxeuRebmz,Implemented multi-state model,Services,8:03:40.000,4:48:31.000,kbehninckrn
NugwzVbaaa,Compatible systemic instruction set,Services,7:56:46.000,2:47:18.000,lponde41
BtddwTffna,Optimized responsive attitude,Accounting,23:51:43.000,18:38:51.000,gmalan9a
QzrkxVuezv,Fully-configurable scalable conglomeration,Engineering,23:45:17.000,13:43:45.000,dpyrke1i
XwgpeYqmdb,Triple-buffered tertiary circuit,Business Development,6:53:57.000,0:35:42.000,jdunicang5
EvgqzBteac,Enhanced intangible info-mediaries,Services,2:46:03.000,12:46:13.000,cpeterom
GeabjVqabq,Optimized impactful functionalities,Product Management,2:34:14.000,16:02:41.000,mrandlesomegb
NsldmGmapz,Front-line value-added internet solution,Accounting,7:04:21.000,19:46:45.000,imuscottco
UqepyLzfju,Function-based upward-trending function,Engineering,12:39:52.000,10:13:05.000,idelmontijj
XounhHamzq,Adaptive leading edge focus group,Marketing,21:56:45.000,13:57:27.000,wvidineev2
YmtxmUgonj,Assimilated scalable archive,Legal,22:24:24.000,8:46:01.000,kmelbury9r
YesexUjnxb,Mandatory directional support,Legal,13:15:49.000,0:44:34.000,lwhallie
TvzuoAbmfu,Multi-layered multi-state utilisation,Product Management,17:46:05.000,4:26:15.000,asheasbybr
CmzejQbooj,Diverse encompassing emulation,Accounting,8:09:17.000,1:57:53.000,fcambell9o
WnkfgDfspy,Down-sized foreground paradigm,Services,22:31:06.000,13:01:12.000,hmeekin1w
KiqtjRwako,User-friendly grid-enabled superstructure,Research and Development,23:06:05.000,17:57:16.000,slangton7j
KdwxgVqexy,Multi-lateral attitude-oriented hardware,Engineering,3:49:39.000,2:31:49.000,wwilloughwayq3
QqfpoZsshv,Persistent user-facing circuit,Support,8:20:07.000,12:31:40.000,gpreto2u
IkufcDnyzy,Visionary mission-critical portal,Sales,14:20:18.000,11:54:23.000,bbowman7m
ZznmeEmilt,Phased eco-centric function,Product Management,21:49:12.000,7:51:44.000,ccorragank4
VgpewHjvkb,Organic even-keeled attitude,Support,22:37:44.000,19:05:23.000,ltittapz
HladwBftrg,Triple-buffered coherent workforce,Research and Development,15:24:40.000,6:05:16.000,gjewerj5
EuljeAlqwg,Multi-layered heuristic focus group,Services,3:07:16.000,14:40:19.000,rkobpacmb
MfhoiZgvei,Diverse national emulation,Marketing,5:28:17.000,6:33:54.000,jtarbardkk
HjbwkHprky,Customizable bifurcated hub,Engineering,0:30:03.000,5:21:42.000,osidgwickgn
YcqxbItgyv,Optimized holistic approach,Marketing,15:25:29.000,12:51:13.000,mmckelvieal
VbdsdVigwz,Pre-emptive holistic core,Business Development,0:51:58.000,5:14:09.000,kalamm5
GozfpPvezt,Focused coherent internet solution,Engineering,7:40:54.000,22:05:42.000,creah2m
BdmctJlghz,Cross-group high-level support,Marketing,9:48:13.000,19:06:47.000,dballaam2o
XyajdHqzeg,Realigned intermediate customer loyalty,Accounting,7:55:12.000,20:40:02.000,toglevie5r
AnsaqMsgnc,Enterprise-wide background projection,Support,20:32:25.000,3:50:00.000,tsainernv
UqkbtNwhmy,Cross-group incremental software,Support,23:19:32.000,4:16:36.000,ebatropki
SomwwLdhwi,Quality-focused didactic budgetary management,Human Resources,0:48:03.000,4:09:16.000,eclynelp
MfcomGkcni,Vision-oriented well-modulated model,Sales,9:17:43.000,22:00:52.000,kfantonettid1
ZeonqUfkpz,Distributed 3rd generation application,Training,17:48:14.000,9:41:44.000,dbeatson3o
EfnooTbxbt,Configurable disintermediate open architecture,Engineering,0:07:29.000,7:12:41.000,pmacneachtainkm
FemlqGsmyc,Enterprise-wide real-time protocol,Marketing,17:22:59.000,22:00:47.000,evannsj7
MyeduRqlrj,User-centric multi-state throughput,Training,0:56:04.000,11:02:40.000,mchessill71
QahecCupml,Object-based incremental forecast,Sales,17:50:24.000,9:39:30.000,sdurranceqc
KlsxcRqcwt,Centralized web-enabled migration,Support,10:37:04.000,19:11:26.000,cspearsnb
JhiauYdkos,Synergized static protocol,Human Resources,1:45:15.000,13:50:34.000,mnettif8
UapisQurur,Seamless transitional hierarchy,Sales,3:03:07.000,9:32:48.000,tbattabeeq2
EetumJlfom,Versatile high-level function,Marketing,22:37:01.000,21:52:46.000,icaustonii
DvrviLvmnp,Managed zero administration time-frame,Legal,4:43:03.000,20:13:54.000,kfrunks81
RnrdkLjjgp,Synchronised methodical success,Engineering,6:45:30.000,19:12:38.000,fpiken6g
DdhsfIbich,Inverse upward-trending open architecture,Support,15:10:57.000,5:17:54.000,mcastrillocv
YdlweTjfje,Progressive executive encryption,Product Management,7:54:06.000,1:01:36.000,soakman7
HsdvwVrysp,Operative logistical migration,Accounting,13:29:15.000,12:19:36.000,aantonioab
DrtvjMsynp,Synchronised background product,Business Development,14:25:16.000,16:02:29.000,pbotley1l
ZrthzZdihp,Versatile object-oriented open architecture,Legal,11:31:45.000,20:24:45.000,hpulmanjg
VasigOscfl,Progressive bi-directional success,Product Management,17:09:26.000,10:39:12.000,jhollibonem
OpllsDqstg,Versatile full-range functionalities,Sales,8:09:31.000,1:51:37.000,dmacneilage8t
UziuiVuozo,Inverse radical moratorium,Research and Development,8:39:06.000,15:30:58.000,sesley70
OwgzfHmnlq,Synchronised analyzing local area network,Human Resources,7:41:01.000,22:28:52.000,hsheddan63
LmtmdWekxp,Public-key radical model,Product Management,12:57:08.000,4:30:16.000,gbreakspear8c
HrmwoTvtmv,Managed radical moderator,Business Development,2:42:34.000,7:49:33.000,gantonioni1p
OpiwbSgfds,Distributed homogeneous contingency,Training,14:35:14.000,1:01:12.000,afrankowskif9
ClbppDcufc,Optional neutral task-force,Research and Development,4:36:19.000,8:55:51.000,jfetherbyl5
OsoxpUfjzr,Inverse hybrid challenge,Research and Development,15:16:34.000,20:30:25.000,lwayte3d
JmwaxTsnop,Expanded bandwidth-monitored utilisation,Marketing,21:12:14.000,18:37:22.000,aayliffp3
RotrrVrqcm,Re-engineered content-based alliance,Product Management,2:38:58.000,22:13:00.000,melleynepl
NyyzjUurer,Switchable homogeneous orchestration,Services,1:04:56.000,12:36:17.000,phosburnkw
WfnemCnbeb,Realigned stable functionalities,Business Development,16:36:04.000,7:33:04.000,mcoey96
RbotoGmkgc,Inverse exuding superstructure,Legal,10:49:59.000,17:42:49.000,mbagguleyk
KatwnYjbxs,Digitized global archive,Accounting,11:16:25.000,15:33:29.000,vjenyns9e
BajobKigqo,Future-proofed systematic knowledge base,Training,22:21:18.000,19:41:50.000,ocoldmanhk
PgqbnMyurq,Virtual composite software,Marketing,8:47:45.000,2:48:49.000,rrolphjt
GpjdaKveqq,Cross-group 24 hour encryption,Sales,15:25:38.000,12:12:50.000,fventumms
TtcimIcgjm,Up-sized eco-centric toolset,Human Resources,8:36:23.000,8:38:53.000,sapperley6s
TsbqySchqw,Innovative 4th generation matrix,Engineering,0:04:37.000,13:11:34.000,emangerp6
MhjwdFubhl,Devolved non-volatile parallelism,Accounting,6:28:24.000,6:15:23.000,sdrabbleln
SmqofGbegx,Re-contextualized encompassing protocol,Support,5:51:15.000,14:33:22.000,ccorragank4
LdegwKcirl,Persevering object-oriented emulation,Research and Development,12:45:33.000,15:33:50.000,mbellefant89
WvbmdNkben,Synchronised optimizing extranet,Product Management,14:20:07.000,4:03:03.000,csautercs
YvjizFmzjl,Progressive homogeneous orchestration,Legal,21:33:01.000,19:11:36.000,amoyserdw
VgesnRcret,Visionary heuristic moderator,Business Development,10:33:57.000,12:12:42.000,ghick48
BqxihMumvh,Business-focused high-level task-force,Training,5:52:52.000,8:35:37.000,fclowese3
IpxmqHmhny,Assimilated disintermediate success,Human Resources,7:46:05.000,2:03:25.000,sdupreego
FvnbfJyacd,Cross-group directional collaboration,Business Development,13:07:20.000,9:19:31.000,wbuttler3i
JybwoRuzww,Versatile logistical alliance,Support,15:38:34.000,17:28:52.000,fodonohoemn
AqzogArxhs,Operative stable local area network,Engineering,19:26:15.000,3:09:46.000,fgow1s
WakciSmrkp,Horizontal explicit functionalities,Training,4:39:34.000,6:28:51.000,lmcgennisid
GpvhyGtqet,Realigned executive implementation,Business Development,9:06:05.000,14:54:05.000,ctoffoletto97
RgcyfXomwk,Cross-platform 5th generation firmware,Human Resources,14:16:38.000,20:55:42.000,jtarbardkk
PoptzFxaat,Polarised tertiary contingency,Marketing,18:05:33.000,12:03:47.000,kvasilee9
AzqbqEbpjj,Polarised empowering time-frame,Training,14:09:59.000,7:17:21.000,caustins32
FcnvpHrzdg,Re-engineered real-time process improvement,Human Resources,22:56:18.000,22:28:48.000,astrattanhs
NnmnkZkroo,Face to face bifurcated process improvement,Support,19:32:02.000,23:36:01.000,vspaight9c
KkwvgLuczc,Advanced system-worthy Graphical User Interface,Business Development,23:25:31.000,12:03:38.000,osirmanhf
NiiruJanps,Cloned value-added superstructure,Product Management,12:46:47.000,10:28:54.000,jfetherbyl5
EzpgiYsqrk,Universal system-worthy knowledge user,Business Development,20:50:21.000,17:37:57.000,tteggin16
JmnnxVpwfe,Distributed non-volatile throughput,Accounting,4:25:06.000,17:18:10.000,jfetherbyl5
CxdqrYmziy,Versatile asymmetric concept,Legal,5:28:29.000,16:07:44.000,ofulloway2q
LnhndDirbz,Profound cohesive software,Services,21:11:53.000,20:29:51.000,rprandin9i
EewdfJkoda,Cloned fault-tolerant time-frame,Support,17:45:02.000,14:48:01.000,sdowderswellf6
XpbqyRjnvz,Optimized user-facing concept,Support,5:29:13.000,4:56:25.000,glintillix
PvudpRvbeh,Implemented bi-directional matrix,Human Resources,5:59:36.000,23:56:58.000,hfarrellct
CbjynZlems,Balanced demand-driven portal,Training,15:52:56.000,4:42:00.000,pmityashinjw
VtyxpXjwmy,Customizable holistic utilisation,Engineering,17:48:02.000,9:56:38.000,ibeldhamph
HecgkJqyew,Optimized 24/7 capability,Engineering,15:12:54.000,18:19:47.000,snorthway2s
FwhujVjieo,Customizable disintermediate policy,Marketing,14:33:49.000,8:37:07.000,dballaam2o
YxlcjWpyjs,Synchronised high-level secured line,Support,7:10:26.000,9:10:33.000,wciardo4q
MvfmmDimhq,Inverse tangible alliance,Accounting,1:01:15.000,12:50:12.000,fsaltreseoe
EluixQzfkd,Open-architected logistical portal,Support,16:25:31.000,17:09:14.000,bmaccaghanu
FqluhVlxsv,Face to face multi-state encoding,Product Management,15:08:24.000,18:02:43.000,ewolfitfa
DtogcNwryl,Organic homogeneous instruction set,Legal,20:50:07.000,12:45:07.000,mfrareybz
NvbdjTahko,Quality-focused modular capability,Marketing,12:31:25.000,19:03:40.000,dkitsonpm
DhuwkZgfxp,Enterprise-wide non-volatile encoding,Training,13:28:21.000,23:05:08.000,polliffebk
SbvvbIhtpi,Advanced methodical infrastructure,Sales,21:35:19.000,11:43:39.000,dyurukhin54
TfskkUutnm,Virtual 4th generation task-force,Business Development,12:12:45.000,21:28:54.000,lbudcockr9
IgzjdIfiga,Sharable real-time hardware,Human Resources,2:50:06.000,5:41:26.000,cmcgookin75
RialtGltup,Re-engineered bottom-line projection,Training,21:12:42.000,17:29:00.000,lheliar7y
UltiuKflpg,Streamlined zero administration task-force,Research and Development,23:08:17.000,17:12:01.000,efalls2d
QaotrGgzcv,Mandatory 3rd generation flexibility,Accounting,7:48:59.000,21:10:13.000,gtassakeril
WjxyuXdqqx,Secured 6th generation firmware,Research and Development,7:46:32.000,1:56:15.000,tsebirenn
SmwikSmstu,Configurable encompassing strategy,Sales,6:02:22.000,5:21:12.000,slangton7j
XgzfhMpajq,Reverse-engineered hybrid pricing structure,Sales,12:03:48.000,16:33:28.000,bperfitt59
GyiuxDabcq,Cloned multimedia open architecture,Services,7:33:17.000,22:45:17.000,rrisely8
JtcseVfffl,Expanded hybrid hardware,Services,7:17:46.000,22:21:27.000,qmageri3
ZexnxEadja,Reactive methodical open system,Marketing,3:39:51.000,22:50:00.000,whurles65
TfhzcForia,Re-contextualized foreground migration,Sales,2:03:32.000,17:35:40.000,ddowreyna
XkrpnDyqnk,Managed zero defect project,Research and Development,12:07:37.000,6:54:04.000,cwhitelockdk
KmsryNsczf,Customer-focused global approach,Sales,11:12:24.000,8:50:33.000,nbrionhj
WwzfyUiwev,Cross-platform multi-tasking groupware,Legal,17:20:42.000,22:10:27.000,tdesimoni6k
ClovmFmkjv,Automated methodical archive,Research and Development,8:20:16.000,21:17:17.000,rridgerha
XvrubRbwdt,Programmable systemic conglomeration,Engineering,4:54:22.000,2:42:40.000,wdriscoll58
AqjscIulau,Up-sized hybrid Graphic Interface,Services,3:48:25.000,4:25:39.000,wsimkisskz
CgpgtQbbhi,Pre-emptive multi-tasking product,Training,13:11:26.000,0:17:39.000,kthorrold9m
DgsvvCzksx,Expanded homogeneous ability,Product Management,20:24:16.000,22:36:40.000,dscollardrp
JkxxzGqvsu,Digitized client-server collaboration,Marketing,22:07:32.000,18:50:40.000,sphilpaultf3
WutviSbiai,Reduced coherent budgetary management,Business Development,9:22:11.000,18:06:12.000,rlyardqd
YoiamAgrlr,Robust mission-critical time-frame,Research and Development,4:11:36.000,10:25:38.000,pzamboniari4y
CdhemSoinv,Cloned coherent projection,Marketing,14:38:20.000,15:00:28.000,btruslerg8
ZkbrhWkwvq,Focused zero administration collaboration,Research and Development,19:30:10.000,3:50:48.000,rdenisco33
ZrehvKmwbm,Self-enabling foreground capacity,Engineering,12:04:41.000,12:16:10.000,kkurtono1
XoacmUbnih,Upgradable next generation flexibility,Sales,8:16:18.000,23:58:13.000,oquarlesd
CbcmsQcuoi,Secured optimizing collaboration,Sales,3:07:57.000,4:38:49.000,msemarkecw
NilkbReluj,Balanced executive complexity,Training,14:15:01.000,21:07:10.000,cscothorne8f
IkilfWxznq,Team-oriented asynchronous challenge,Support,23:10:46.000,7:09:08.000,wheazel26
LsbugZefzw,Expanded maximized Graphical User Interface,Product Management,16:17:00.000,5:15:21.000,brayerq1
NpgivDszow,Focused empowering encoding,Marketing,21:46:01.000,18:39:03.000,astrattanhs
IhtfaEnrrk,Synchronised scalable definition,Business Development,1:00:51.000,6:24:51.000,sscoulera7
RozwaMqwmm,Re-contextualized mission-critical hardware,Sales,6:04:59.000,3:43:08.000,amccreery88
GtzybGoean,User-centric modular conglomeration,Engineering,7:54:00.000,9:03:20.000,cextalr6
XqqxbQcscp,Realigned tangible hardware,Services,2:52:59.000,10:03:44.000,drockallhu
OiyrbVruou,Function-based holistic hub,Engineering,13:28:28.000,6:33:03.000,kelderton57
OibfpKpvrz,Managed homogeneous workforce,Support,0:42:00.000,9:39:34.000,fmoncreiffeoh
QgrmePxemb,Synergized optimizing strategy,Accounting,12:42:52.000,1:48:05.000,gfillisi9
YfacrIeeqw,Organic contextually-based open architecture,Research and Development,12:37:47.000,12:29:03.000,avoasod
EztmcVwuod,User-friendly disintermediate attitude,Research and Development,15:50:35.000,23:08:11.000,rkobpacmb
AvnvzIypat,Automated encompassing artificial intelligence,Engineering,10:13:45.000,11:38:10.000,fdrabble7p
LxvvkJfswl,Decentralized content-based solution,Engineering,6:38:31.000,18:43:59.000,kmatleyhh
LrbefSapiv,User-centric web-enabled attitude,Research and Development,4:56:46.000,12:46:50.000,zconre5s
PtjknSqrsz,Persistent heuristic projection,Legal,14:48:41.000,1:40:59.000,odenteg
JhrasKrjbh,Multi-lateral real-time neural-net,Engineering,8:57:55.000,2:42:04.000,saberhartjf
HtrmrCfqrs,Networked static strategy,Support,1:44:01.000,14:31:26.000,emeadley5m
XvdtgPmfng,Organized tertiary info-mediaries,Research and Development,12:15:47.000,5:15:35.000,tvirr7q
FytmwNokix,Focused tangible database,Business Development,9:21:04.000,18:26:45.000,imallender2b
PxtjgMlhln,Down-sized maximized migration,Business Development,8:23:52.000,7:34:46.000,nlearmondcf
KohldBzyod,Centralized maximized concept,Services,22:27:35.000,8:37:09.000,mgiacomazzo1m
ZwssjVkdwj,Ameliorated high-level instruction set,Legal,7:31:15.000,20:07:58.000,asheasbybr
SxyobVupug,Centralized uniform migration,Marketing,9:34:01.000,7:35:24.000,wsimkisskz
ZciffSyqkp,Implemented foreground architecture,Services,16:07:15.000,12:16:45.000,mbasnettlt
OhuzmZoypt,Compatible optimal info-mediaries,Sales,1:21:49.000,7:08:22.000,palden1r
GbcybEhhxg,Progressive empowering collaboration,Research and Development,21:36:01.000,3:22:42.000,amoyserdw
RfiomJgwwy,Expanded value-added encoding,Accounting,22:04:43.000,11:09:47.000,ihazelgrove31
TcfbbOhnaf,Virtual directional challenge,Product Management,21:44:59.000,8:45:17.000,cforbes4r
QtwetYvusw,Devolved client-server orchestration,Engineering,14:26:13.000,0:13:54.000,gsartinq0
SmsruSokcf,Decentralized foreground analyzer,Human Resources,16:32:47.000,13:19:27.000,gbreakspear8c
MjljgZwgys,Decentralized empowering matrices,Research and Development,7:18:29.000,22:08:16.000,mmolohanas
HacorQjvgy,Progressive impactful standardization,Services,19:52:17.000,0:16:59.000,uplentyfv
QpawpKtavw,Programmable contextually-based secured line,Engineering,10:38:25.000,0:14:07.000,kvasilee9
MdytlRbfhz,Polarised tertiary forecast,Engineering,19:58:48.000,2:21:34.000,tkivelle6c
HilsuIhxxe,Reactive fresh-thinking model,Product Management,3:03:59.000,13:25:29.000,dsappelllj
CnpioUwmvs,Function-based systemic info-mediaries,Research and Development,0:21:07.000,14:51:22.000,nmorad8
TkquhQjeoe,Polarised national structure,Human Resources,16:17:41.000,21:43:39.000,hrozalskiox
QbvxdXwqqx,Public-key 24 hour focus group,Marketing,19:12:35.000,9:34:45.000,kebbettan
StmgoYhbvx,Organic empowering algorithm,Human Resources,12:04:47.000,11:16:32.000,fventumms
DmdzwHluhi,Enhanced optimal methodology,Human Resources,2:57:42.000,13:32:48.000,cvanderbeken1k
OzqpdCwiyd,Ergonomic web-enabled monitoring,Legal,2:33:27.000,2:17:02.000,emcgorleya5
NalscEmnfc,Optimized optimizing function,Research and Development,21:34:04.000,3:00:31.000,tmenlovekn
HydsdLorfi,Horizontal incremental leverage,Engineering,13:43:39.000,0:31:54.000,lcowherdeh
WnqrwZinpf,Balanced mission-critical website,Support,8:26:47.000,20:31:34.000,vconcannonjm
HndffKewbq,Exclusive scalable knowledge user,Sales,22:51:01.000,17:34:16.000,kmarrillm2
IdykmXuuyw,Intuitive needs-based Graphic Interface,Marketing,12:42:24.000,7:33:39.000,pverrills6i
VvwucTadkb,Grass-roots real-time solution,Engineering,8:02:51.000,16:45:27.000,mcohanie0
MgkjoKtrzn,Decentralized optimizing hierarchy,Research and Development,3:42:29.000,4:51:50.000,sjanuszewicznh
UkjiiPpkta,Distributed upward-trending function,Research and Development,12:25:36.000,8:22:44.000,nmorad8
LpvjcLigja,Persevering zero defect access,Research and Development,20:59:31.000,20:26:11.000,faaronson80
DflqbLdlay,Phased logistical application,Research and Development,6:52:57.000,23:30:16.000,aspringeraq
IjzlvKpfwq,Managed static middleware,Product Management,13:45:50.000,22:01:30.000,gtrappeb9
PnzewHwhdd,Vision-oriented clear-thinking secured line,Accounting,8:06:46.000,11:31:52.000,mcastrillocv
ZexjsCbvtn,Face to face fault-tolerant attitude,Support,7:35:55.000,23:20:05.000,yklemencicfz
QajvoHcfft,Function-based logistical middleware,Business Development,4:53:17.000,17:46:19.000,sfeldberger6f
AeliePuvej,Phased eco-centric hub,Marketing,20:25:42.000,4:12:14.000,rlyardqd
WlqmjAtfsd,Versatile analyzing moratorium,Marketing,13:01:30.000,22:33:17.000,jelstone8v
LtmrcHqoji,Open-source exuding algorithm,Marketing,0:51:47.000,20:10:23.000,rricket6z
YzrvtDkzmg,Face to face maximized model,Sales,14:58:36.000,6:23:13.000,mfinniganho
SmbswJnayw,Adaptive bifurcated focus group,Engineering,14:47:45.000,15:32:53.000,scampapu
LmdgpYhjyz,Enhanced mobile Graphic Interface,Support,7:06:08.000,23:49:45.000,fgherardini37
KqhboUbyfd,Up-sized solution-oriented Graphic Interface,Marketing,6:35:33.000,18:17:08.000,kmolnar8p
ZcvfdCrxfk,Synergistic secondary superstructure,Engineering,7:02:29.000,13:25:23.000,flamborneqv
QaqxzVycnb,Fundamental dynamic service-desk,Legal,2:44:55.000,2:37:00.000,lgokes43
DyccnOpntt,Face to face optimizing hierarchy,Legal,10:07:47.000,16:48:03.000,ashawelli4
NrigoQowuj,Customer-focused context-sensitive standardization,Accounting,22:08:58.000,5:11:26.000,bmcfaul38
EbxznXoyue,Automated even-keeled service-desk,Product Management,20:23:17.000,2:22:40.000,polliffebk
RsgucDhymg,Persevering 6th generation local area network,Business Development,20:25:57.000,0:30:15.000,mbellefant89
JzezdBckll,Programmable impactful data-warehouse,Research and Development,21:11:35.000,2:40:33.000,evannsj7
HracrZajcz,Multi-tiered local local area network,Business Development,20:18:30.000,16:16:05.000,kbirdsc1
AljdjNtvtw,Re-engineered 3rd generation application,Marketing,12:13:40.000,12:01:44.000,kmolnar8p
SscmjQyifq,Assimilated zero defect definition,Support,2:09:27.000,2:09:13.000,bcorsan6o
TkppfHgnwc,Reactive systemic focus group,Marketing,4:26:19.000,23:49:26.000,ndullinghameu
GvrgzGnatn,Focused systemic throughput,Support,7:50:57.000,8:52:21.000,eblampiedou
BjpzaOunhz,Cloned attitude-oriented utilisation,Sales,15:11:12.000,16:02:31.000,ccheatlejx
DrbbvFwxai,Multi-layered multi-state customer loyalty,Business Development,9:34:28.000,1:52:11.000,rgiddensih
UlxrhUcjyg,Realigned local knowledge base,Legal,12:03:12.000,17:48:58.000,kkubachba
KlfhaEqspf,Configurable demand-driven collaboration,Accounting,18:05:25.000,0:56:44.000,amacyah
MzowlEacfu,Cloned needs-based moratorium,Training,22:42:05.000,17:29:19.000,ttomlin40
KckvtGcnki,Up-sized tertiary time-frame,Research and Development,20:38:24.000,14:50:03.000,ebagenal3q
EwtyxRqcna,Synergistic incremental definition,Sales,17:21:24.000,6:20:11.000,icaustonii
NevsyLpyvz,Virtual context-sensitive neural-net,Sales,12:21:37.000,7:38:21.000,srowbury45
TqqbkQwjof,Persevering composite capability,Services,4:54:31.000,16:02:05.000,rricket6z
EswrkLbttp,Team-oriented modular functionalities,Business Development,8:49:41.000,5:55:12.000,astrattanhs
RpvxgWcvaa,Customizable regional architecture,Product Management,7:52:21.000,23:12:21.000,wbuttler3i
SuigmIabbo,Total systemic adapter,Research and Development,3:32:43.000,20:24:21.000,erisdalepe
CqlzxDlqvp,Multi-layered intangible alliance,Research and Development,20:30:01.000,17:32:18.000,hkubicki6j
IfwivFacxh,Ameliorated bottom-line attitude,Training,22:11:18.000,7:03:11.000,uhulmes7o
EsnxnMjomg,Optimized fresh-thinking Graphic Interface,Services,18:17:12.000,7:26:58.000,droubyp9
BzaxoSjrpx,Customizable disintermediate process improvement,Human Resources,5:04:15.000,15:01:01.000,jfilasovmk
QirosJqqcf,Automated directional encryption,Business Development,21:26:59.000,14:11:19.000,kreckus4n
WpxeiDxvug,Synchronised empowering architecture,Accounting,22:04:48.000,10:13:27.000,ccromie8o
TgaonVzrvu,Universal homogeneous implementation,Sales,22:06:09.000,8:42:29.000,bsmothhc
BczirCtjdx,Operative national alliance,Marketing,14:14:53.000,23:13:19.000,gjezardd3
FdlasKklii,Down-sized user-facing initiative,Engineering,1:06:02.000,7:16:14.000,lhallamqe
TauxoIkwna,Ameliorated stable hardware,Services,13:09:55.000,0:59:51.000,gnorvillbp
TmdaeTvnav,Adaptive background moratorium,Support,8:13:43.000,9:44:37.000,ppavyer1g
WusxoQzmdx,Triple-buffered stable instruction set,Training,20:11:31.000,1:47:46.000,kcleeb7
SlmdkRsjoy,Focused attitude-oriented superstructure,Support,18:09:14.000,17:11:25.000,lcotmancj
MwhwgIrwqr,Right-sized 24/7 task-force,Training,21:45:50.000,16:08:09.000,rblum9k
QrifzHsddx,Multi-channelled coherent initiative,Research and Development,17:58:42.000,12:28:19.000,mmcpeetersbe
BahlwLfndc,Inverse composite success,Engineering,15:47:49.000,22:04:48.000,wbuttler3i
EpzxdSkzzn,Optional explicit challenge,Product Management,15:22:19.000,17:09:53.000,jdillistonedd
WiuioCxpab,Advanced object-oriented product,Research and Development,8:36:33.000,23:54:07.000,eianilliia
YxxelNqobt,Inverse web-enabled intranet,Training,7:44:21.000,18:12:50.000,acharlotb1
QeclpVdroy,Horizontal discrete firmware,Human Resources,13:39:32.000,14:37:10.000,dfinderkb
JgnvnEqkxb,Stand-alone dynamic encoding,Services,9:06:34.000,20:35:39.000,rgarwello
GoffrRaneo,Sharable uniform groupware,Research and Development,5:52:29.000,1:49:15.000,oquarlesd
BldeyNpavk,Diverse full-range intranet,Product Management,20:42:34.000,1:45:38.000,icaustonii
AtxafCuytc,Stand-alone bottom-line functionalities,Accounting,16:32:44.000,12:23:05.000,bwinterbottom53
FrsqzIfjrz,Diverse user-facing hierarchy,Engineering,17:52:02.000,21:40:43.000,comulderrig1
NejfvPlqjf,Devolved content-based functionalities,Support,1:05:50.000,4:34:46.000,tyarrowqt
FrxqhAyivk,Extended secondary extranet,Product Management,4:28:46.000,9:14:48.000,lbudleigho6
NgvpkOkgct,Organized motivating extranet,Product Management,3:34:06.000,15:49:20.000,mabelljn
MqqauVxnep,Front-line client-driven standardization,Marketing,20:07:56.000,19:57:49.000,klusher2x
CmmweYrkcb,Future-proofed maximized paradigm,Support,13:46:37.000,16:38:42.000,wsimkisskz
AohrpXodxa,Inverse even-keeled throughput,Training,19:53:40.000,7:25:55.000,zalleynek2
EtfrkBgbzf,Digitized disintermediate attitude,Training,13:17:03.000,0:33:45.000,amccreery88
MimriFqwvu,Object-based transitional groupware,Engineering,22:04:00.000,13:16:32.000,ksyfaxcl
XjckcAdxtq,Distributed methodical analyzer,Support,3:03:34.000,8:01:30.000,sveschambre7b
UqwhsLnqlx,Quality-focused client-driven budgetary management,Training,18:20:00.000,19:14:04.000,edommettk8
XqijzSikpw,Multi-layered coherent solution,Sales,11:20:37.000,20:46:22.000,wdovidaitisol
JpzmiBjmby,Enterprise-wide full-range throughput,Support,7:19:38.000,20:24:00.000,bbowman7m
FgsxpZqrtz,Upgradable tangible methodology,Research and Development,19:30:05.000,9:36:49.000,dvyedu
SvwffXurvk,Upgradable modular service-desk,Research and Development,2:19:40.000,20:53:55.000,kparsonage4i
DopooBjjjw,Diverse explicit infrastructure,Marketing,22:55:34.000,18:53:11.000,kharradencegg
LdytuTvjxv,Operative context-sensitive functionalities,Research and Development,15:15:48.000,21:47:52.000,jpitfordhg
DccjnOqgbs,De-engineered leading edge algorithm,Training,18:58:34.000,15:33:58.000,amennithorpls
IokbgSrwdx,Ameliorated systematic application,Support,10:09:54.000,18:26:40.000,pbrake6
LshtkYxacl,Extended leading edge moratorium,Sales,23:40:05.000,5:28:06.000,gswatmanjk
YrvglXjsyo,Front-line directional policy,Support,1:02:49.000,18:51:41.000,taimer1j
HenouGczic,Profound object-oriented benchmark,Accounting,13:35:26.000,1:32:03.000,gdallowayi6
UybbjKeold,Stand-alone multimedia matrix,Services,1:12:52.000,8:14:44.000,melleynepl
JsfdxMtrjy,Progressive intangible info-mediaries,Legal,0:08:40.000,9:53:44.000,dgiddinskg
MbfegTnavl,Switchable cohesive knowledge base,Support,10:34:05.000,21:32:04.000,wmellodyaw
MrontUiryp,Phased bottom-line framework,Research and Development,16:54:21.000,16:26:42.000,idelmontijj
FadkiCohko,Public-key client-driven complexity,Support,16:25:07.000,19:12:29.000,gbouldnr
PxoszZxruy,Ergonomic executive collaboration,Product Management,1:37:26.000,20:52:39.000,kmarrillm2
RfszmJloih,Total global Graphic Interface,Human Resources,23:56:09.000,6:21:42.000,bmcduall5c
ZsswaPcpdw,User-friendly dynamic software,Training,6:39:41.000,17:26:34.000,rbeeddl
PnisiPlfyq,Optimized asymmetric budgetary management,Business Development,3:05:12.000,14:19:08.000,cspearsnb
GspywPazrw,Switchable multimedia adapter,Services,16:45:47.000,9:59:53.000,jstockton85
HvkupKlohb,Re-contextualized coherent toolset,Legal,19:09:46.000,12:31:56.000,nisackoj
TrupgLqonc,Total demand-driven function,Marketing,9:09:59.000,14:46:43.000,ahandmorebs
LuibiDijgc,Programmable multi-tasking extranet,Services,8:35:30.000,5:07:51.000,gtrappeb9
WzsshIjfjs,Digitized heuristic productivity,Services,12:15:42.000,13:10:33.000,jdigweed10
UfhuoWfzim,Front-line holistic collaboration,Business Development,6:24:31.000,0:11:12.000,mrivitt6w
HywidFkbkt,Down-sized content-based architecture,Support,17:59:28.000,23:30:32.000,hrozalskiox
MkjwgKfihg,Seamless local core,Accounting,5:03:46.000,8:12:07.000,gcoom4v
HlemkBrvfk,Cross-platform coherent array,Human Resources,20:08:45.000,0:48:08.000,nmccafferky9w
SqsidNqkjg,Phased intermediate Graphical User Interface,Services,11:46:44.000,6:09:29.000,pcruickshank30
WgaukCbbln,Upgradable 6th generation protocol,Services,23:27:25.000,12:43:59.000,equadri5k
ZsddiZagkp,Exclusive discrete frame,Research and Development,22:20:13.000,10:28:26.000,taaron1x
MfsbkTcnyt,Synergistic clear-thinking migration,Accounting,7:44:34.000,1:14:31.000,mstolze6h
PacxkEoprw,Versatile modular application,Product Management,4:25:44.000,6:54:26.000,cmethringham15
PhsxbVvdun,Inverse holistic capability,Engineering,23:29:12.000,6:01:04.000,oesbrookn2
UuhmoLlvti,Persistent scalable superstructure,Support,7:37:43.000,11:17:28.000,hmelia7u
IkdhvQnmev,Centralized mobile paradigm,Research and Development,2:34:58.000,6:19:54.000,jfuncheon7c
FftbuPwmlv,Expanded secondary groupware,Engineering,9:24:09.000,18:06:30.000,fmaccrackend7
PpjagJqtlq,Realigned background implementation,Marketing,18:50:59.000,18:10:40.000,hmelia7u
ZpycpUvsyl,Team-oriented fresh-thinking info-mediaries,Sales,10:04:45.000,4:45:23.000,jcasiero8s
YiletZxjmo,Organic eco-centric moratorium,Services,18:49:30.000,15:07:07.000,singleyec
KcdwtIqlja,Business-focused dedicated hierarchy,Research and Development,0:43:38.000,10:20:23.000,bjoyntmf
BhpjbOddrn,Grass-roots content-based forecast,Support,5:54:27.000,16:54:09.000,cbuardh9
RtzgsKmwlv,Business-focused stable toolset,Training,3:06:55.000,9:36:04.000,nmunnioni0
IcpixZekyr,Networked zero tolerance function,Support,20:20:25.000,14:33:54.000,mcourtois7n
OfxsvOfsgw,Upgradable holistic moratorium,Sales,3:46:27.000,14:27:40.000,cbailie1f
YpobjLzsxt,Digitized neutral customer loyalty,Human Resources,15:18:16.000,18:32:40.000,mcohanie0
MebjvTlvop,Implemented bottom-line project,Training,8:28:11.000,14:47:07.000,dlervenky
PuqkjBqavh,Networked context-sensitive orchestration,Support,4:53:16.000,22:35:13.000,osidgwickgn
QuyueIkbdi,User-centric multi-tasking capacity,Human Resources,18:07:49.000,11:41:12.000,rlivesaykh
NotyjDybqy,Assimilated well-modulated concept,Product Management,15:14:29.000,6:59:57.000,cstegglesll
IyxcpLlvyv,Customer-focused even-keeled superstructure,Business Development,9:25:11.000,21:37:07.000,oivakhnovaf
CwceqRtayd,Persistent asymmetric capacity,Training,21:09:43.000,3:52:13.000,gsunockhz
OrfshMtdmh,Team-oriented maximized complexity,Sales,2:12:02.000,13:07:32.000,clanfare8l
JskunOxqjl,Cross-group context-sensitive success,Support,8:29:30.000,0:34:51.000,cclemmenshp
PyketXmffk,Public-key grid-enabled orchestration,Research and Development,21:17:18.000,15:31:48.000,mabelljn
MjnivGloox,Enhanced well-modulated Graphical User Interface,Marketing,22:15:15.000,13:47:45.000,avoasod
MjfvnUwedb,Expanded user-facing Graphical User Interface,Marketing,12:28:13.000,21:03:17.000,cdutnellp1
LqiqmGhmml,Up-sized context-sensitive interface,Legal,4:30:13.000,15:20:18.000,sramalm
KckvxLjcnc,Innovative impactful utilisation,Legal,16:45:09.000,16:42:22.000,ebarrand4p
HcgduNnqqe,Quality-focused hybrid matrix,Training,9:44:24.000,22:08:57.000,ulangleyci
XendfNbhah,Sharable analyzing instruction set,Training,14:25:03.000,8:05:02.000,rricerd
JcwndOmxfc,Centralized bottom-line projection,Accounting,23:32:50.000,17:31:23.000,tbathow8m
XnfnzZzzon,Robust impactful migration,Support,18:17:17.000,1:40:40.000,soakman7
QeastHkaim,Fully-configurable non-volatile time-frame,Engineering,20:53:39.000,0:48:08.000,jfrangletond4
KnrtnYlcrb,Inverse 24/7 toolset,Support,3:24:51.000,15:00:43.000,jblownrj
PfxdlNvlvx,Quality-focused discrete software,Product Management,11:03:08.000,13:07:23.000,ajansonhn
EszraOsjbj,Stand-alone reciprocal forecast,Engineering,22:02:16.000,2:46:09.000,teverettn9
DcopqBvvqk,Synchronised coherent archive,Engineering,23:01:56.000,9:49:30.000,kbesekej0
IzcjaFmmln,Multi-tiered web-enabled open architecture,Training,11:45:32.000,7:54:00.000,aluxce
MahzoWetsx,Reduced composite portal,Support,0:42:48.000,9:59:08.000,screber2z
PqcloMbkmu,Reverse-engineered multimedia superstructure,Training,6:14:30.000,18:32:04.000,obirtwhistle27
SmuxdOojvb,Object-based intangible complexity,Product Management,1:23:29.000,14:20:29.000,cbonass94
BooudXwcon,Exclusive background matrices,Marketing,19:27:24.000,11:16:06.000,eswains1y
TlwvyAqjwm,Exclusive even-keeled installation,Training,19:07:06.000,6:40:04.000,rsandhill24
OzmuhYphlb,Front-line systemic internet solution,Legal,4:29:39.000,4:09:54.000,ccalafatogi
McvfkSkdby,Compatible coherent database,Marketing,16:39:53.000,14:52:20.000,etremellanj6
WgsdbTtpdz,Profound impactful solution,Research and Development,19:56:41.000,13:14:06.000,csanciasoq
DqjpbItmru,Cross-platform neutral software,Human Resources,15:30:07.000,9:57:05.000,lstarrm7
CppvjIbeui,Enhanced mission-critical alliance,Marketing,1:33:49.000,19:22:30.000,mchasmerk3
FjvmmUyelx,Total bifurcated core,Engineering,5:00:50.000,18:13:06.000,pmacmarcuis2g
OmkhaPgmct,Persevering uniform protocol,Training,5:11:27.000,22:51:41.000,jmcateergv
FxwloWpevw,Upgradable systemic parallelism,Support,1:47:49.000,1:55:05.000,gwallbanksl2
SgnteNbply,Front-line incremental solution,Accounting,11:39:58.000,13:28:47.000,jternep8
UduxjHmuam,User-friendly static leverage,Marketing,19:53:28.000,14:21:40.000,gnorvillbp
VfhfaWxxzo,Switchable system-worthy methodology,Training,14:36:46.000,20:27:12.000,clarnerf2
GaevvNcvjh,Multi-channelled cohesive definition,Human Resources,1:01:01.000,14:57:49.000,eclynelp
SjwzsCglgh,Cross-platform holistic monitoring,Sales,1:55:23.000,13:28:11.000,ebrierly4j
RizarNpgmk,Future-proofed directional access,Accounting,11:14:29.000,2:49:12.000,bseldonc0
GphxrSjvbb,Virtual 3rd generation instruction set,Accounting,13:32:07.000,16:46:43.000,vphipardshearsn1
QcvqlWstph,Enhanced value-added contingency,Research and Development,12:16:17.000,7:36:23.000,rchattersmo
ZbbegIchdd,Horizontal multimedia artificial intelligence,Support,1:26:14.000,16:00:47.000,mbellefant89
ZoyxxWozor,Assimilated global support,Engineering,15:08:52.000,11:34:19.000,mpancostrh
TogfmEnczu,De-engineered responsive leverage,Human Resources,4:03:42.000,2:08:18.000,mmcpeetersbe
KlwarKvwqe,Multi-channelled 5th generation knowledge user,Legal,2:01:59.000,8:19:04.000,elittler8g
QydsnLafrg,Integrated exuding local area network,Training,13:40:20.000,19:23:27.000,fclowese3
ZtsgyVvveq,Innovative didactic application,Sales,17:48:30.000,4:29:35.000,rrapinettl7
SsixlSzgfa,Customer-focused demand-driven middleware,Human Resources,12:23:13.000,14:14:51.000,jfilasovmk
AbqjhUrnzn,Persevering actuating capability,Legal,19:37:21.000,5:20:27.000,srowbury45
RtzlrCmzex,Object-based intangible secured line,Research and Development,13:58:03.000,2:55:04.000,sjinkinip
KuflsOmybx,Vision-oriented context-sensitive pricing structure,Human Resources,14:57:11.000,13:59:28.000,mhearmonr8
FakdvFsebj,Compatible 3rd generation emulation,Training,17:14:24.000,14:08:06.000,mmcpeetersbe
AewdzBtqsq,Fully-configurable methodical adapter,Product Management,20:18:54.000,5:30:39.000,ashapirorc
RawbbEdzfc,Reverse-engineered grid-enabled internet solution,Engineering,13:33:29.000,7:26:23.000,clofthouseg9
UiapzFtovo,User-friendly composite monitoring,Marketing,19:58:06.000,6:11:06.000,tsainernv
IcfcoJustn,Assimilated tertiary open system,Human Resources,19:48:54.000,11:33:39.000,shurdman5p
NvphsRrgdb,Multi-tiered directional emulation,Product Management,15:07:11.000,3:11:38.000,agoreisrkj
NepgeUwuak,Future-proofed multimedia instruction set,Sales,8:58:43.000,15:09:25.000,sohallorangd
OsqocCbjhp,Exclusive explicit groupware,Business Development,22:59:51.000,7:44:50.000,gfassbendercu
DbzuzZqnan,Cross-platform dedicated encoding,Accounting,12:54:18.000,18:31:25.000,lcarrelllc
UvljyFratj,Switchable national service-desk,Research and Development,21:09:23.000,22:15:10.000,imallender2b
LkvapHibpy,Innovative global project,Marketing,22:54:55.000,15:32:15.000,tbathow8m
HvmcvPqpli,Up-sized object-oriented groupware,Support,2:19:53.000,21:49:57.000,aellesik
TfxlcLyxjc,Realigned tertiary synergy,Business Development,21:48:35.000,23:32:41.000,estroobantjb
ZonppStxpr,Triple-buffered reciprocal extranet,Business Development,0:13:24.000,16:02:59.000,elittler8g
NohomBalus,Balanced bifurcated array,Sales,18:48:03.000,17:01:20.000,iellick79
YdjdpOuodx,Exclusive bi-directional structure,Research and Development,17:44:05.000,21:14:54.000,bbennikea0
FdkkaFrmcb,Advanced composite functionalities,Research and Development,11:03:50.000,3:26:00.000,tgrabbamet
JsbvsLbonc,Future-proofed radical analyzer,Training,10:15:50.000,1:09:31.000,kbaintonql
ShazpZcjie,Triple-buffered multi-state attitude,Engineering,20:39:17.000,12:24:20.000,amoyserdw
VdivnFkujk,Face to face bifurcated migration,Training,14:32:52.000,12:16:23.000,lmanilowk9
FurrfKpjom,Visionary composite groupware,Services,22:20:35.000,23:03:37.000,cdemageardir
NjftkTlwbd,Polarised mission-critical instruction set,Services,23:51:38.000,20:16:18.000,berie3p
FvtfjArdvz,Compatible cohesive pricing structure,Accounting,6:13:17.000,4:16:21.000,ydeppengz
WutvzClsml,Switchable local circuit,Services,12:32:35.000,8:16:11.000,acrockleydi
ZtcgwHlvyk,Automated neutral solution,Product Management,17:12:42.000,3:50:20.000,nlawlyk7
EajapSiuhb,Cross-platform high-level groupware,Product Management,4:28:22.000,17:33:05.000,mchasmerk3
SoiarJzyui,Total attitude-oriented functionalities,Business Development,3:24:19.000,17:03:45.000,acrockleydi
JjylgBzxag,Face to face content-based initiative,Business Development,6:12:58.000,15:14:05.000,ahenricjh
MzestAmvqk,Expanded value-added hardware,Marketing,7:22:02.000,8:05:18.000,lswindall47
MhqdpHkrhz,Assimilated dynamic encoding,Human Resources,18:22:22.000,22:26:01.000,mcastrillocv
WeucnDrruj,Automated fresh-thinking installation,Sales,3:12:50.000,18:46:49.000,mrivitt6w
VezziFbhry,Function-based multi-tasking local area network,Services,11:07:52.000,7:08:36.000,snotton3l
GduioTyqfs,Configurable intermediate framework,Support,5:27:28.000,1:54:18.000,edommettk8
EdbltShlov,Re-engineered attitude-oriented circuit,Engineering,20:22:06.000,4:51:39.000,tcasonfp
LmpydIiknn,Optional upward-trending functionalities,Research and Development,0:56:37.000,18:08:23.000,lwhallie
KlbpjZijpl,Profit-focused non-volatile architecture,Product Management,23:26:13.000,0:21:56.000,cwaisonb4
RbferSvclf,Visionary 4th generation data-warehouse,Accounting,21:39:52.000,1:41:17.000,cspearsnb
LopgaStecw,Object-based didactic framework,Services,18:26:32.000,1:49:55.000,dtamblingsonao
LxcklFqsbz,Phased bifurcated info-mediaries,Business Development,1:22:55.000,5:16:01.000,nemberson5n
JfgpqCkenx,Realigned modular algorithm,Marketing,22:47:09.000,2:20:01.000,smcelmurrayiu
SjdkdYearo,Synergistic well-modulated extranet,Accounting,6:18:57.000,2:38:30.000,ppavyer1g
PnxxsMjcoz,Balanced bifurcated time-frame,Support,22:39:57.000,5:30:29.000,mbellefant89
PdiwuFadvh,Streamlined background extranet,Engineering,11:16:58.000,23:52:31.000,kvequeiq
OizojClxlj,Proactive dynamic local area network,Research and Development,16:55:50.000,0:15:28.000,gpoyntonj9
FkqsxQdzsv,User-friendly motivating framework,Legal,9:37:42.000,10:01:05.000,sveschambre7b
WksegMjxal,User-centric system-worthy circuit,Product Management,12:41:21.000,1:48:06.000,fbaukhamf0
KhtueJkaci,Self-enabling client-server portal,Research and Development,2:10:18.000,23:58:02.000,mhaburne8h
CodqyNtwlp,Focused reciprocal pricing structure,Legal,21:59:45.000,14:45:17.000,mbirminghami1
WmbjdJibpy,Stand-alone solution-oriented hub,Services,11:24:47.000,21:57:49.000,glapennadf
EdpkyCkkao,Balanced heuristic hierarchy,Support,0:00:38.000,21:11:00.000,xhaggartyij
ZzmkcSlvkg,Synchronised motivating model,Sales,4:24:32.000,14:38:40.000,pondrus73
IeiudUpnam,Fully-configurable maximized access,Business Development,12:32:42.000,17:48:04.000,kkurtono1
GneeyEtfek,Decentralized modular instruction set,Training,15:20:57.000,15:37:11.000,sglazyerq4
QfrjwWlyor,Fully-configurable asynchronous standardization,Human Resources,2:04:05.000,21:40:33.000,acantua4l
GjhjoEznpu,Ergonomic bi-directional complexity,Support,7:15:43.000,19:19:51.000,jfilasovmk
XfrwdJpqpm,Horizontal asymmetric forecast,Legal,2:44:33.000,0:53:54.000,cgrushinb2
DrxnnBnmho,Operative solution-oriented projection,Support,21:25:45.000,19:25:03.000,kormondch
CinceDiqpe,Cloned zero administration definition,Training,17:36:54.000,23:02:17.000,rricerd
WtvzzBvjkk,Virtual maximized adapter,Legal,16:36:35.000,10:16:02.000,hprobin2a
RwdxtIaurf,Focused 24 hour orchestration,Marketing,6:10:59.000,17:42:05.000,fbrunicke3t
NkowmNhvrx,Vision-oriented explicit throughput,Marketing,16:56:00.000,14:45:15.000,lparradine18
YnmxmElwok,Open-architected analyzing implementation,Marketing,21:14:28.000,9:18:42.000,rtuveygk
NdkdzPqacr,Streamlined uniform artificial intelligence,Support,1:07:35.000,11:09:52.000,cgrushinb2
SfogrXtosg,Right-sized demand-driven encryption,Training,16:31:39.000,19:39:15.000,djakoviljevicbu
XzhqnNbxbq,User-friendly user-facing hub,Services,1:41:28.000,1:16:35.000,ccromie8o
WajkhXtnbi,Seamless asynchronous instruction set,Engineering,6:08:25.000,6:03:57.000,cvanderbeken1k
QiebeVsfff,Monitored didactic pricing structure,Human Resources,4:51:26.000,19:58:22.000,ewolfitfa
NpxjrReauv,Versatile coherent local area network,Research and Development,12:14:24.000,8:34:25.000,comulderrig1
AwevgQuiny,Self-enabling methodical hierarchy,Training,7:01:53.000,3:52:39.000,melegoodfw
VebrdBgcgt,Triple-buffered zero defect superstructure,Marketing,0:03:28.000,11:33:30.000,dsorrelni
EattiPpmsr,Fully-configurable demand-driven neural-net,Human Resources,22:15:43.000,5:48:48.000,vbigadikenz
CsknfLdzgx,Adaptive incremental groupware,Engineering,3:07:03.000,6:43:37.000,ldudmeshb5
WckztCjyyv,Devolved uniform paradigm,Business Development,23:31:03.000,19:31:15.000,bdelamereeb
SmzhmNlryp,Proactive cohesive conglomeration,Services,1:53:27.000,22:37:04.000,taaron1x
RcvtzXpozu,Sharable web-enabled protocol,Human Resources,13:36:55.000,0:56:22.000,cclayden82
SyweaVekan,Advanced didactic concept,Human Resources,17:13:53.000,23:20:27.000,mnettif8
KhyfhXlmcj,Virtual fresh-thinking algorithm,Services,19:31:43.000,20:17:11.000,cancellh2
FmgkmWswwj,Re-engineered regional framework,Services,13:33:10.000,2:54:07.000,lrenihanei
RbxxePgodg,Multi-tiered real-time utilisation,Accounting,15:55:37.000,2:04:27.000,rskipworthht
DbksxXflcv,Implemented upward-trending conglomeration,Accounting,14:17:24.000,22:16:44.000,kskerrattex
NvhtdWnohk,Upgradable grid-enabled standardization,Research and Development,22:54:24.000,19:45:49.000,mstolze6h
PjjecJbruy,Secured asynchronous portal,Engineering,4:33:07.000,19:50:43.000,tsainernv
GjjaxEczjc,Decentralized multimedia capability,Engineering,15:20:06.000,22:32:12.000,lrambleks
MdhumDqzol,Stand-alone secondary pricing structure,Product Management,20:42:54.000,22:34:15.000,lhearleop
KddttEhvoz,Phased systemic protocol,Engineering,19:25:27.000,1:01:55.000,tbaylissdz
JfrawRmkyt,Profit-focused well-modulated paradigm,Marketing,13:04:13.000,14:59:58.000,csuffeek
BsktdQqpsz,Distributed explicit superstructure,Support,17:59:12.000,15:25:55.000,cyosselevitch6t
NwdmpIamqx,Self-enabling transitional project,Accounting,7:10:45.000,10:29:45.000,bmattocks56
YbcivSclrm,Proactive optimizing database,Engineering,17:11:06.000,19:56:22.000,fmcorkil21
EwqcaPtxgi,Managed well-modulated synergy,Accounting,4:48:08.000,3:51:52.000,jternep8
PgnalPusat,Distributed background synergy,Accounting,7:32:21.000,7:47:11.000,hcrickettb8
GclzuPnhhp,Up-sized 24 hour encoding,Product Management,12:47:27.000,23:07:12.000,mgrandinmm
BhionMwgzx,Quality-focused system-worthy access,Engineering,9:18:40.000,5:51:21.000,earnelyga
CjnizToksa,Adaptive didactic customer loyalty,Business Development,20:22:22.000,3:26:28.000,eplant9p
VsbmmMpfnd,Programmable disintermediate array,Marketing,15:33:47.000,21:39:45.000,mtinklern5
HaaztExwbb,Fundamental even-keeled hierarchy,Training,1:29:22.000,17:14:21.000,ofulloway2q
JzgsaHftsc,Configurable holistic neural-net,Business Development,9:47:02.000,5:43:03.000,sfoleyk1
RfcvdMdqzo,Upgradable didactic extranet,Accounting,15:59:14.000,15:34:21.000,pborlessau
UyraqWkcmu,User-friendly bandwidth-monitored intranet,Legal,5:41:34.000,5:45:04.000,ebrunma
PchsaYjgfk,Optimized demand-driven success,Human Resources,21:39:05.000,22:35:16.000,gpomfreymc
DagdvLczfy,Quality-focused actuating application,Sales,20:42:35.000,6:12:06.000,jdigweed10
BuswgDfgpj,Focused object-oriented frame,Human Resources,16:53:55.000,4:16:45.000,xsutheranlq
FyuuuYtirj,Customizable background architecture,Legal,14:44:08.000,5:06:46.000,hrowetl6
RuuunAjwux,Expanded client-server local area network,Business Development,11:10:56.000,13:53:46.000,gmarqyesel
KdmrzUxsws,Customer-focused discrete architecture,Human Resources,1:23:44.000,12:26:37.000,sphilpaultf3
CjnvyUovwj,Quality-focused encompassing customer loyalty,Human Resources,3:27:03.000,18:36:40.000,qcoursgp
EpaxlIgyzf,Cross-group dynamic architecture,Research and Development,1:10:07.000,1:41:08.000,nsloperim
SgcmaJfsmp,Object-based zero tolerance support,Services,19:08:19.000,22:55:45.000,twalklett8a
RyowyVnmuk,Virtual maximized process improvement,Marketing,5:54:52.000,16:59:35.000,mtinklern5
TjmtiBjtbs,Self-enabling multi-tasking website,Engineering,3:09:19.000,0:26:31.000,ccromie8o
YmpxpEpvpw,Total bifurcated approach,Support,14:17:33.000,19:01:04.000,yleyzell7g
MoykzOyfig,Horizontal fault-tolerant process improvement,Human Resources,23:30:00.000,14:44:11.000,wissonh5
RjjdsHuqkl,Customer-focused directional middleware,Marketing,0:51:26.000,9:25:43.000,alaurentoc
BsnglDcjuw,Monitored responsive website,Human Resources,4:10:50.000,3:25:16.000,eswains1y
CnvgcXfxzx,Centralized 3rd generation circuit,Support,19:43:24.000,20:41:14.000,mgatehousefo
ZyfzvNlksc,Horizontal high-level model,Legal,17:37:39.000,8:23:10.000,mmesshamow
MvnqqRxcin,Stand-alone optimal analyzer,Human Resources,7:59:16.000,9:06:29.000,thallgath68
QqfulGzifv,Vision-oriented 4th generation support,Legal,8:45:19.000,8:33:02.000,vbowling5y
IhxmlChyml,Up-sized web-enabled Graphical User Interface,Services,17:46:49.000,4:12:50.000,sbannesterq7
PdoycGzbyx,Re-engineered static Graphic Interface,Support,20:16:39.000,21:32:40.000,rriddifordm0
PkrpbDojkn,Stand-alone even-keeled productivity,Engineering,17:31:28.000,17:06:45.000,lclousley4o
NkllbSfovi,Optional zero administration artificial intelligence,Human Resources,22:49:23.000,6:24:56.000,kporteousc
KujrhRumaq,Reduced content-based challenge,Research and Development,6:28:25.000,3:04:59.000,hwaddiejq
IovhmOcket,Optional directional throughput,Training,15:20:13.000,20:36:12.000,mbernardinellijv
KzkhfVwdok,Face to face systemic array,Business Development,22:40:32.000,11:28:14.000,rabys5o
SjsoxAuteb,Multi-lateral logistical moderator,Legal,12:57:40.000,10:35:58.000,cbrozekg3
PdqmqFaytc,Synchronised zero administration open system,Accounting,21:45:21.000,20:32:16.000,mmeneopr
LnpfvAcfml,Advanced systemic moderator,Training,9:34:47.000,18:21:54.000,shollindale11
AzgmfFswtr,Decentralized non-volatile local area network,Product Management,0:48:51.000,17:40:07.000,djakoviljevicbu
LyhtxAzgxd,Triple-buffered grid-enabled archive,Legal,12:24:59.000,5:43:27.000,rheggpy
NapahBjckq,Front-line bi-directional parallelism,Product Management,15:27:39.000,15:38:52.000,rabys5o
LuopiAykll,Fundamental optimal toolset,Training,18:03:49.000,1:47:45.000,atuffeyfm
RrcleUvocq,Grass-roots system-worthy definition,Engineering,4:38:16.000,17:56:44.000,droubyp9
PrytiRhroj,Compatible impactful projection,Engineering,11:48:25.000,1:00:13.000,slideardkf
VjrnoGvpxd,Diverse scalable instruction set,Marketing,18:13:15.000,14:52:53.000,dmounceiw
WboltOtefe,Versatile hybrid productivity,Legal,16:10:24.000,0:42:45.000,lmartinath6
OpfkqAfvgi,Cloned full-range throughput,Human Resources,11:28:29.000,1:15:50.000,shurdman5p
XnqupPkmig,Integrated systemic matrix,Research and Development,7:37:39.000,1:16:11.000,nharnimanak
CuvysLnlrq,Switchable real-time productivity,Business Development,9:59:42.000,11:06:17.000,csanciasoq
SlhnlKaiwt,Devolved uniform algorithm,Sales,19:08:47.000,14:34:10.000,hauston5q
EyagxJroqa,Assimilated interactive standardization,Human Resources,21:04:08.000,13:12:23.000,gmiebesgu
SrmnhFvplf,Optional needs-based support,Legal,14:14:30.000,22:56:52.000,kmcconwaymh
AiithVchho,User-centric zero tolerance framework,Accounting,5:25:00.000,12:23:30.000,gpreto2u
KcwpvOijcw,Cross-platform 24/7 encryption,Legal,4:13:45.000,0:03:31.000,tfleckno8x
GepleDvoqe,Organic analyzing analyzer,Training,10:13:08.000,12:46:09.000,gsartinq0
CeziqPanyy,Horizontal didactic pricing structure,Legal,18:31:03.000,12:29:56.000,vnunnerleyku
BdwunYagqf,Re-contextualized stable utilisation,Training,14:45:46.000,14:04:30.000,bcawsby3b
CzqhjCyioe,Balanced discrete hardware,Training,1:59:46.000,11:16:38.000,cyosselevitch6t
VjcvkOphhd,Exclusive attitude-oriented collaboration,Training,2:35:24.000,12:58:58.000,cvanderbeken1k
MyhmiEehue,Intuitive reciprocal emulation,Human Resources,9:55:32.000,22:36:38.000,aglowacha3x
XtnhhAkdeo,Horizontal bottom-line moratorium,Sales,12:33:17.000,17:09:24.000,aadanet3j
JblvcGhdnl,Stand-alone asymmetric strategy,Services,1:28:49.000,16:20:26.000,lrambleks
CatinGherf,Organized 5th generation core,Research and Development,23:40:53.000,16:48:09.000,afrankowskif9
OaaqwCbryh,Open-source asynchronous model,Services,17:17:42.000,6:22:15.000,kfrunks81
RrltxEwdtj,Ameliorated attitude-oriented complexity,Human Resources,4:33:19.000,11:20:52.000,cyosselevitch6t
DzlgcJlkey,Programmable modular definition,Product Management,8:41:56.000,5:49:13.000,rfurmenger5i
WwysqNxoor,Compatible static encryption,Product Management,17:49:17.000,16:12:37.000,rbangs7z
PslegEghss,Switchable zero administration monitoring,Product Management,11:03:10.000,21:03:45.000,krobathamb0
SvocwSurto,Innovative global projection,Legal,13:20:19.000,10:45:57.000,mnettif8
OfpdkGfrdp,Cloned responsive emulation,Sales,14:01:40.000,11:22:20.000,cstrondcg
OotdkPofkg,Digitized eco-centric focus group,Engineering,19:41:08.000,1:36:54.000,gmarkussenmi
HsotrNyxzb,Innovative asynchronous installation,Training,12:32:44.000,12:39:30.000,asemeniukgm
EjdjjTqybw,Integrated reciprocal workforce,Support,17:33:12.000,0:49:45.000,marnaudetp0
FqlfpIikgn,Synergistic system-worthy function,Sales,2:28:03.000,20:33:42.000,nhinkes9
PvzdpNmuew,Team-oriented national help-desk,Marketing,11:05:04.000,23:45:22.000,cdockraydv
CifteCqqna,Versatile static software,Business Development,16:12:00.000,16:05:56.000,nlanchbury1h
MuszkEgfig,Realigned bi-directional application,Engineering,17:33:52.000,11:22:22.000,twillattsax
OghfbVktok,Secured global productivity,Product Management,7:21:11.000,4:05:57.000,toglevie5r
QeesoXohys,Customer-focused real-time application,Product Management,22:46:09.000,15:02:04.000,kvasilee9
BuupzCyfaa,Open-source object-oriented migration,Business Development,13:38:07.000,3:41:19.000,sgritsunove7
ZowevWrrsi,Customer-focused executive Graphical User Interface,Business Development,22:40:00.000,4:13:31.000,taimer1j
UkntqPlshs,Digitized fresh-thinking architecture,Marketing,8:56:18.000,12:30:40.000,yrowlands9b
TpuecHnahi,Switchable actuating algorithm,Support,15:12:23.000,17:29:03.000,fgow1s
WulmdClkys,Universal intermediate matrix,Engineering,11:30:23.000,23:09:38.000,jcasiero8s
PrirwGvdym,Synchronised 24/7 utilisation,Research and Development,2:42:20.000,2:56:25.000,aluxce
SscqcObeux,Phased stable knowledge base,Legal,16:01:59.000,15:38:57.000,smcgarrahanns
TkzxeWzlno,Function-based impactful benchmark,Support,9:10:52.000,2:01:56.000,mmeneopr
NjzvdHksxa,Object-based real-time forecast,Product Management,20:08:14.000,1:50:49.000,gcoom4v
JrastLhunl,Innovative holistic throughput,Human Resources,10:33:16.000,9:36:52.000,ltittapz
EixinRbdqy,Reactive non-volatile productivity,Product Management,23:41:35.000,15:55:12.000,bmaccaghanu
JfwweYsxun,Triple-buffered content-based budgetary management,Marketing,0:43:21.000,8:21:40.000,scockittqp
RebfdYtrln,Fully-configurable global approach,Support,19:19:42.000,10:45:47.000,krobathamb0
IisgoJbgnh,Centralized 6th generation focus group,Human Resources,2:46:01.000,11:33:02.000,bmackegg4u
KdyshEijwo,Persevering client-server matrix,Accounting,6:35:27.000,1:10:24.000,csegebrechtn3
FspnyQhsmd,Stand-alone demand-driven intranet,Legal,22:29:43.000,23:14:55.000,chawkridgej2
SkvxpQzbza,Upgradable zero tolerance initiative,Legal,13:18:46.000,21:09:05.000,ggwilliamse2
XasagWnjnl,Ameliorated 4th generation utilisation,Legal,12:33:48.000,22:52:20.000,qmageri3
GbzjuEywte,Compatible 3rd generation product,Training,15:05:01.000,10:24:09.000,nsloperim
SsjxaHmblu,Fundamental tertiary extranet,Engineering,22:48:45.000,11:19:57.000,lspikins3h
LtaojPanah,Multi-channelled multimedia challenge,Sales,18:28:07.000,8:14:55.000,lrambleks
DqqhrFxpfg,Optimized incremental migration,Training,16:33:30.000,21:06:39.000,ydeppengz
VpgfyNnawi,Face to face asymmetric support,Accounting,20:18:31.000,6:51:00.000,jillyesda
NlgdyPhlgh,Reactive object-oriented intranet,Human Resources,17:25:00.000,17:47:44.000,tmenlovekn
LpugwFrwug,Reduced 6th generation info-mediaries,Support,12:04:58.000,18:40:08.000,oquarlesd
ZllmvLvidg,Re-contextualized empowering productivity,Training,7:34:06.000,0:22:40.000,cscothorne8f
JbfpkDnavh,Configurable explicit matrices,Research and Development,4:31:25.000,18:22:54.000,moakland1d
XgmhcPcpjh,User-friendly optimizing benchmark,Support,23:47:07.000,5:46:54.000,ebelliepx
WszkgQiykl,Future-proofed mission-critical analyzer,Product Management,8:17:40.000,19:29:01.000,dillingsworthrk
ZskeeVrybn,Up-sized dynamic algorithm,Product Management,21:54:50.000,8:05:01.000,ikleingrub2j
XfdmyZchdh,Synergized needs-based archive,Product Management,20:20:06.000,6:46:02.000,dmackeigic
FqnhlUrsmp,Innovative non-volatile orchestration,Product Management,10:14:09.000,11:26:58.000,aayliffp3
IsmhzFyjqv,Networked zero tolerance hardware,Accounting,11:35:08.000,18:49:38.000,tcasonfp
IobevHfbla,Business-focused next generation paradigm,Accounting,19:28:06.000,3:29:47.000,kgiampietroa6
DzbpvDotkb,Optimized radical extranet,Engineering,10:10:29.000,9:36:26.000,mmuldere4
HtnksXiamk,Fundamental zero administration secured line,Research and Development,0:24:02.000,18:56:46.000,estag91
YlcckHwprd,Phased discrete instruction set,Research and Development,22:03:09.000,13:07:57.000,sglazyerq4
ReihmYgkas,Front-line static interface,Research and Development,23:21:34.000,6:47:22.000,tsmullin2w
HarepOmxkm,Self-enabling client-driven benchmark,Research and Development,7:50:35.000,8:35:14.000,jhaizeldenc7
ZtuefZjfkr,Multi-layered user-facing firmware,Product Management,17:07:12.000,11:17:45.000,aspringeraq
WbjwyDaima,Down-sized eco-centric process improvement,Business Development,6:12:07.000,9:31:46.000,dbissonde
MtfwgYkrzi,User-centric clear-thinking standardization,Human Resources,4:38:23.000,6:16:23.000,survoyjo
DpfuaMlxfz,Open-source reciprocal approach,Product Management,1:53:19.000,5:50:36.000,flincken4
QruhjHyanm,Inverse fresh-thinking hardware,Services,3:53:04.000,11:16:41.000,dbelchamdp
XaoykEeoni,Persistent bi-directional capability,Engineering,9:56:34.000,1:06:12.000,mbernardinellijv
VheklZzcti,Synergized global process improvement,Accounting,10:37:09.000,5:34:56.000,dfinderkb
BarrrGkhzh,Distributed zero defect installation,Training,3:28:08.000,14:35:18.000,mbirminghami1
VqtvpUraxi,Multi-lateral impactful solution,Marketing,3:12:44.000,9:11:39.000,kmatleyhh
JmabdVdqhy,Multi-lateral value-added toolset,Legal,18:28:59.000,15:14:05.000,fcartmell9q
JeddmJlmpk,Adaptive bifurcated open architecture,Sales,16:00:09.000,13:45:38.000,pbedwelle6
YrscgZxdfr,Stand-alone intangible customer loyalty,Services,23:00:52.000,7:41:45.000,dspurretrr
RvhqfZmoya,Total reciprocal alliance,Marketing,3:17:48.000,13:30:49.000,bdelamereeb
HktpdYpbdu,Grass-roots executive strategy,Human Resources,11:02:14.000,3:59:42.000,aspringeraq
ZrmfnReryz,Fully-configurable radical Graphical User Interface,Sales,20:21:08.000,16:32:14.000,swharbyk5
GzpzwPigih,Optional zero defect model,Support,2:23:19.000,13:03:34.000,gbahlmannkl
GsjxuIapzo,Organic dedicated installation,Research and Development,12:58:28.000,6:45:55.000,jdunicang5
DczpmVssss,Optional actuating knowledge user,Accounting,22:21:12.000,12:36:13.000,dyurukhin54
SbygwRukpr,Virtual zero administration process improvement,Accounting,15:28:33.000,4:36:54.000,dgiddinskg
BslmtHkyae,Proactive 3rd generation hub,Training,20:37:09.000,11:57:24.000,mpovelecc
NxlkpRtrzn,Centralized logistical installation,Services,14:03:37.000,22:05:34.000,cmourgue8z
YtryfBqzba,Programmable homogeneous implementation,Accounting,19:27:59.000,20:13:58.000,jmcateergv
WcbtoAepho,Centralized context-sensitive alliance,Human Resources,7:14:15.000,3:04:18.000,sfoleyk1
VcmbsEepmh,Synchronised mobile definition,Training,7:06:03.000,19:59:36.000,ebrogginid0
YuipgZaekk,Persistent impactful alliance,Research and Development,12:52:54.000,23:57:13.000,ebelliepx
BhkbxRvqxa,Intuitive systemic challenge,Legal,1:27:41.000,9:11:44.000,dfinderkb
EowsmNpwuc,De-engineered bifurcated application,Business Development,2:40:58.000,8:49:00.000,lrambleks
HvevjLrqvs,Future-proofed 24 hour system engine,Engineering,12:35:19.000,7:07:32.000,enewberryp7
YxzgiXdsqw,Configurable bottom-line challenge,Services,7:37:51.000,7:40:06.000,alorrainm6
BvmmdJpwtf,Grass-roots 3rd generation collaboration,Product Management,8:17:56.000,0:43:02.000,cmiddlehurstj
ZgiuuNianf,Synergized web-enabled capacity,Product Management,2:32:51.000,1:25:10.000,dformoyqb
DtmnsOmjdd,Assimilated 5th generation capability,Training,12:00:56.000,1:19:25.000,fgow1s
QjzblCdprb,Managed explicit policy,Services,3:44:59.000,8:15:18.000,cspearsnb
UtyaqKpjgs,Adaptive value-added internet solution,Engineering,5:55:58.000,5:37:05.000,akinningleyre
RwfrpOlqfj,Monitored didactic secured line,Engineering,4:24:51.000,1:27:23.000,bhaggerstone4s
TwxexKawfn,Persistent contextually-based complexity,Legal,11:57:56.000,11:53:42.000,bhaddleton1t
DxtoaTbsam,Operative systematic moratorium,Services,3:04:46.000,18:45:42.000,ccapronh1
HuseyPhnmf,Self-enabling modular application,Accounting,20:56:09.000,4:54:54.000,dtamblingsonao
QjmbrOmqzn,Automated upward-trending migration,Marketing,12:02:51.000,11:28:35.000,sramalm
QylwrVvwrw,Organized reciprocal artificial intelligence,Research and Development,4:15:04.000,23:16:52.000,soakman7
LwqjjRmido,Persevering intangible infrastructure,Engineering,0:40:17.000,9:41:43.000,lonolanld
OazriMinai,Reactive secondary solution,Services,18:27:13.000,14:44:49.000,lmanifouldaj
ZwsofWsene,Pre-emptive tangible alliance,Research and Development,9:10:49.000,15:48:54.000,cdismorer0
HaiirSnkee,Optimized dedicated flexibility,Support,13:47:54.000,11:14:43.000,ccromie8o
WwhpnUwhmk,Networked national customer loyalty,Training,18:20:44.000,22:24:36.000,dbissonde
CoicgTmpnv,Programmable neutral ability,Legal,18:09:14.000,2:07:29.000,wvanyushkin6n
DgfklSgckw,Persistent next generation groupware,Support,12:38:29.000,15:43:45.000,bherleyap
RcknjOkaxx,Sharable multi-state firmware,Research and Development,21:14:09.000,22:27:17.000,maggas1o
NiimaCabhx,Innovative fault-tolerant interface,Human Resources,12:30:26.000,6:06:38.000,tsmullin2w
UwmmpKnjyr,Extended human-resource functionalities,Legal,6:52:38.000,22:26:16.000,dbissonde
TofhxFevat,Ameliorated web-enabled database,Sales,14:18:33.000,20:46:08.000,jwoodman6q
EzthoDjooa,Business-focused human-resource info-mediaries,Legal,11:05:10.000,2:22:01.000,bemberygj
JquamTvgef,Total dynamic concept,Legal,16:51:36.000,21:20:18.000,lrambleks
WsqnsFtlor,Optional methodical model,Training,8:06:02.000,20:26:46.000,ddowreyna
KuazcJmmkh,Synergized disintermediate product,Services,1:27:06.000,6:11:55.000,nbrionhj
YnbdnRzusy,Phased 3rd generation circuit,Training,2:11:51.000,7:40:07.000,fmcorkil21
QlpxrPtpca,Self-enabling 3rd generation challenge,Research and Development,8:09:32.000,16:52:39.000,nlanchbury1h
CvianXcsnv,Cross-group optimizing Graphical User Interface,Marketing,3:47:13.000,9:42:41.000,sglauberbg
TxqehVknne,Universal actuating hardware,Sales,18:12:50.000,10:18:49.000,yrowlands9b
IqqlrArdjw,Programmable multi-state encoding,Marketing,5:29:13.000,8:35:10.000,aoadec3
IccufEsxmz,Diverse zero defect array,Training,19:41:43.000,8:55:03.000,lbeamsonh3
RcpmeKzdsh,Sharable radical policy,Business Development,17:07:51.000,17:25:28.000,rlivesaykh
BvfgeOnyut,Face to face non-volatile encoding,Marketing,11:26:00.000,19:45:09.000,wdovidaitisol
OsurvAswsj,Profound next generation algorithm,Product Management,10:41:14.000,20:54:51.000,eclynelp
GzvfiIwure,Profound web-enabled forecast,Product Management,20:54:39.000,5:47:51.000,jfilasovmk
HedtlOrggp,De-engineered asynchronous portal,Sales,21:27:53.000,2:35:00.000,nharnimanak
KgeblQwjrh,Progressive bifurcated success,Sales,15:03:49.000,0:53:33.000,sbannesterq7
ZxqqdSsong,Reactive attitude-oriented initiative,Sales,12:13:58.000,19:39:32.000,jgodson6d
IjycrTasir,Re-contextualized heuristic infrastructure,Support,4:59:27.000,7:49:59.000,osidgwickgn
SflbnKuide,Profit-focused eco-centric strategy,Training,13:53:22.000,19:45:24.000,erowanqk
PzfqdTutxl,Balanced real-time info-mediaries,Support,23:14:07.000,10:51:44.000,mvogtea
NqowwNxpuy,Sharable user-facing software,Training,0:04:58.000,7:04:42.000,elambirth5w
OoxowBegxw,Visionary high-level open architecture,Training,20:16:00.000,21:02:26.000,jnowlannw
DxduvSmqed,Customer-focused executive paradigm,Product Management,22:51:23.000,6:01:35.000,bericssenhr
EstvdQzqpf,Digitized value-added challenge,Research and Development,14:39:07.000,16:57:04.000,cmaccrackena4
AqavrVhgkp,Down-sized tertiary collaboration,Accounting,6:20:37.000,0:27:59.000,rhalso3f
KrnimIcowy,Integrated system-worthy focus group,Accounting,2:28:29.000,13:55:33.000,mraspisonmx
BvhurPlhcq,Profound actuating architecture,Services,11:48:05.000,4:25:15.000,fjochananygr
GxoswUyxbb,Phased well-modulated frame,Services,5:16:02.000,19:44:52.000,vjenyns9e
WdpvrUdjdu,Re-contextualized holistic task-force,Accounting,12:44:18.000,7:56:41.000,rridgerha
VkkfuAtmif,Distributed optimal function,Sales,23:10:03.000,14:41:31.000,myakunkinen
PlguuHehjg,Ameliorated context-sensitive strategy,Sales,7:35:32.000,14:35:36.000,dfarleybj
KtesfGldmb,Ergonomic multi-tasking middleware,Accounting,9:19:46.000,14:15:43.000,mmarygq
TrzroEwaeq,Function-based needs-based contingency,Support,18:24:23.000,11:15:08.000,pbedwelle6
LifleSswyz,Total composite Graphic Interface,Training,4:26:35.000,21:22:31.000,fpiken6g
XijbvZcgst,Configurable local emulation,Training,13:05:34.000,7:51:13.000,qrubinovitschmw
BvheoBulyi,Integrated bandwidth-monitored hardware,Legal,22:00:26.000,5:45:47.000,bperfitt59
EcrmuPewxy,Seamless high-level service-desk,Services,8:18:53.000,20:52:22.000,ethridgouldhi
VsvppAhzmb,Multi-tiered radical architecture,Sales,4:58:48.000,14:14:18.000,rdandy29
RqtfmZepxz,Persevering web-enabled flexibility,Sales,22:34:34.000,22:38:29.000,kskerrattex
FzmhyYqwqt,Exclusive logistical access,Business Development,11:42:05.000,16:30:54.000,djakoviljevicbu
IzrqwSdqwc,Organized demand-driven standardization,Research and Development,15:35:50.000,23:38:05.000,dbalbeckdj
GncpeRfxdo,Multi-lateral optimizing installation,Legal,14:24:45.000,6:41:05.000,ceversonbc
ZnkdpAcjwm,Monitored next generation superstructure,Human Resources,8:09:59.000,18:05:58.000,bvasyukovnd
WsomnBucsv,Diverse intermediate capability,Training,14:10:08.000,22:16:07.000,gbahlmannkl
CslwsIosug,Innovative attitude-oriented knowledge base,Training,8:46:46.000,2:00:01.000,fcrewther5f
UtbcvSsvkv,Progressive exuding process improvement,Training,2:11:46.000,16:11:04.000,estag91
WfnqxYagvw,Profound tertiary hub,Marketing,21:56:02.000,19:40:37.000,ocoldmanhk
QfwjhQlmfe,Object-based impactful pricing structure,Sales,19:51:17.000,6:25:00.000,nharnimanak
ZyiveZzcaa,Front-line zero tolerance hardware,Engineering,13:01:55.000,23:52:59.000,mvofffc
BqyjyBmajf,Balanced well-modulated capacity,Business Development,22:56:09.000,22:45:14.000,alaurentoc
AospyLslmv,Vision-oriented optimizing hierarchy,Research and Development,8:36:55.000,10:03:24.000,dmounceiw
BcjdaEsgrg,Self-enabling bi-directional focus group,Product Management,12:00:46.000,10:14:14.000,aspringeraq
CelfsIqeus,Multi-tiered real-time hierarchy,Business Development,16:26:58.000,19:15:09.000,bbonfieldkt
JowafFeore,Re-engineered modular secured line,Product Management,23:40:39.000,14:35:40.000,kfultonad
SnsvqOkper,Cloned multi-state Graphical User Interface,Business Development,18:54:33.000,13:09:54.000,oquarlesd
CiuiyIzvxy,Phased client-server challenge,Training,19:00:22.000,21:32:22.000,dsorrelni
MpgfbOyzml,Versatile fresh-thinking focus group,Product Management,10:20:26.000,20:52:11.000,kormondch
HpmvmGlgdh,Reactive exuding focus group,Support,12:37:03.000,6:07:46.000,rkobpacmb
PirmcInmgo,Centralized coherent database,Research and Development,21:53:48.000,2:25:42.000,fbaukhamf0
YpgysJymva,Fundamental optimizing contingency,Business Development,15:47:18.000,5:45:36.000,zmunktonbo
MrlzzWhonl,Total bifurcated policy,Product Management,22:36:53.000,0:29:33.000,dambrosettile
RranlYshvm,Fully-configurable well-modulated challenge,Support,10:55:09.000,4:10:59.000,bmappnu
PwnrgErlmm,Vision-oriented actuating implementation,Services,2:19:04.000,8:44:25.000,gantonioni1p
IhlwoLmljh,Persevering executive encoding,Human Resources,21:13:40.000,0:15:37.000,sphilpaultf3
CkttwCesjb,Intuitive actuating focus group,Engineering,19:33:36.000,7:29:35.000,dillingsworthrk
DbolrFrqyj,Focused neutral toolset,Business Development,23:32:36.000,20:57:05.000,qmageri3
CxhzjCxaph,Self-enabling needs-based intranet,Sales,15:45:42.000,9:14:20.000,hmeekin1w
JwwtqSozqj,Inverse secondary firmware,Sales,15:08:08.000,2:26:03.000,gpreto2u
WzicfDekxs,Reverse-engineered regional archive,Product Management,5:48:27.000,15:32:09.000,sreveningpv
DdoqvWezuj,Decentralized motivating customer loyalty,Services,7:51:10.000,9:17:45.000,phosburnkw
UrzxfZipis,Visionary non-volatile encoding,Engineering,5:40:09.000,21:40:15.000,kdantuonimr
EkkteDzfmd,Automated regional local area network,Sales,10:33:14.000,5:07:58.000,lbirkinb3
KrnwsSmoiu,Persevering empowering standardization,Services,19:49:10.000,11:19:57.000,cwaisonb4
DnowjCcxit,Multi-tiered multi-tasking architecture,Accounting,5:07:27.000,8:52:32.000,nhopferin
LjfrhAndql,Implemented dedicated hardware,Sales,2:01:19.000,20:20:50.000,aadamovitzje
IjzbuPbarx,Adaptive interactive infrastructure,Human Resources,23:32:43.000,10:13:22.000,ihazelgrove31
HvlvfDbofk,Synergized well-modulated capability,Services,12:24:41.000,4:04:04.000,jfrangletond4
DufqvBpxhh,Upgradable explicit portal,Product Management,15:39:37.000,17:16:40.000,twillattsax
XjjgfLidvf,Reverse-engineered stable benchmark,Human Resources,6:35:32.000,6:23:22.000,bemberygj
DvhfcJjjxr,Cross-group content-based approach,Support,11:14:50.000,15:58:05.000,glintillix
FxaroRamkl,Re-contextualized well-modulated system engine,Business Development,1:38:24.000,5:42:58.000,dvyedu
HufghYdlso,User-centric foreground productivity,Marketing,3:19:20.000,9:12:49.000,ocoldmanhk
WfexmSzwzt,Multi-tiered real-time encryption,Training,23:43:29.000,13:51:26.000,gcaneojl
CyxviPklaf,Profound intermediate task-force,Marketing,13:19:31.000,21:15:17.000,wlenardos
FkgkpSscka,User-friendly non-volatile approach,Research and Development,5:13:02.000,19:18:31.000,odenteg
JjkkzIvwla,Visionary asymmetric solution,Services,22:08:29.000,15:25:00.000,lheaphypn
VakkqHbrqc,De-engineered solution-oriented throughput,Services,17:36:41.000,8:43:46.000,irushbyj4
AlyveLohld,Customer-focused impactful standardization,Sales,11:22:10.000,11:18:11.000,jbarsbyoi
DgdmiYsxma,Reverse-engineered methodical flexibility,Human Resources,1:18:17.000,14:21:57.000,nhopferin
ZvvonQnalf,Re-contextualized 24 hour productivity,Sales,6:26:28.000,12:28:18.000,emityashin5l
KmrueQddbg,Expanded bifurcated parallelism,Support,16:04:47.000,7:46:31.000,sfoleyk1
HkgroFplao,User-friendly coherent productivity,Business Development,5:50:35.000,6:15:55.000,esaltmarshk6
VjmshSolli,Sharable bi-directional matrices,Marketing,7:53:02.000,1:08:55.000,olowrance4w
ZmbytZggco,Expanded well-modulated parallelism,Human Resources,8:41:02.000,8:13:53.000,zmunktonbo
VirfoNszlc,Programmable 6th generation contingency,Research and Development,20:03:16.000,9:58:49.000,dbexleyo4
LcebvGuqds,Multi-channelled directional definition,Marketing,18:15:20.000,1:50:28.000,sphilpaultf3
EevobAauip,Future-proofed maximized encoding,Legal,1:14:26.000,14:20:13.000,jmacchaellg
ZmpuxSusrp,Fully-configurable intangible help-desk,Engineering,16:45:05.000,23:47:33.000,mclynmansq
VygryPtrkf,Programmable directional secured line,Product Management,23:19:09.000,19:09:55.000,zduckinfieldiz
KgikfYgskh,Reduced high-level policy,Support,8:06:00.000,13:37:53.000,wcolquitt6e
TcvpjWtlls,Adaptive 3rd generation middleware,Accounting,15:37:01.000,2:07:58.000,svannoort3e
HnwflAbjxg,Automated global orchestration,Engineering,1:51:43.000,8:46:31.000,mkendallpp
AagscQllqm,Innovative hybrid projection,Services,13:25:33.000,12:26:32.000,rpanneroz
NsekgDhndv,Function-based cohesive Graphic Interface,Support,13:15:05.000,8:34:56.000,lromans7r
KimvgBxivu,Enterprise-wide multimedia architecture,Business Development,21:40:11.000,9:09:52.000,sshaylorpj
HcmmiWvfax,Automated stable moderator,Training,10:32:50.000,11:39:58.000,lbeamsonh3
WdrzmEstow,Face to face local knowledge user,Accounting,5:59:20.000,21:23:16.000,amellork0
DahioLwogx,Vision-oriented multi-state superstructure,Human Resources,12:29:37.000,4:03:58.000,eplaxtonit
TyslpDbqcy,Inverse motivating extranet,Product Management,10:45:38.000,9:28:41.000,ebrunma
BnehgDaxzj,Self-enabling analyzing local area network,Legal,8:08:24.000,9:09:03.000,ddecastelainpq
RhzuuMdacn,Persistent logistical collaboration,Marketing,3:05:45.000,6:30:33.000,kmcconwaymh
UxjajUzcrm,Enterprise-wide 4th generation internet solution,Training,5:01:21.000,13:57:27.000,oivakhnovaf
MzexdLowxl,Innovative optimal analyzer,Marketing,15:47:02.000,18:13:00.000,mrandlesomegb
RknigMkdfu,Profound 4th generation product,Legal,20:16:01.000,22:20:35.000,melegoodfw
FqhvgFzkkt,Profound transitional benchmark,Marketing,2:03:27.000,8:47:09.000,afrankowskif9
BtntoZuaxm,Synergistic transitional projection,Engineering,10:37:29.000,9:45:38.000,jcromblehomep5
OxdfjBirrk,Intuitive motivating definition,Legal,3:22:29.000,12:36:44.000,kvequeiq
ZuymqQrrrz,Stand-alone multi-tasking knowledge user,Research and Development,15:45:21.000,20:35:01.000,sshaylorpj
IoctwTsacn,Focused global benchmark,Support,9:47:49.000,18:06:28.000,rlyardqd
YtmucKizge,Inverse eco-centric standardization,Business Development,15:03:07.000,4:10:21.000,fsimeonen8
VywewRtosl,User-centric hybrid approach,Engineering,23:41:02.000,15:49:09.000,cwaisonb4
WmhoyDaeza,Seamless non-volatile internet solution,Research and Development,19:19:22.000,5:35:45.000,pdymocke2l
RnwvpNioxx,Persistent static encoding,Research and Development,6:02:01.000,15:39:19.000,asmoothd5
EzzffXckpw,Enhanced background migration,Business Development,18:55:40.000,11:36:40.000,sdrabbleln
UuraqTscrj,Optional stable structure,Accounting,8:05:29.000,1:19:30.000,mrivitt6w
