id,first_name,last_name,pass,email,created,changed,admin,is_active
jmcgreay0,Jannel,McGreay,W43wJjJgvmx,jmcgreay0@salon.com,16:34:54.000,17:40:52.000,true,false
comulderrig1,Collette,O' Mulderrig,Aulwqozm,comulderrig1@abc.net.au,19:33:57.000,16:06:55.000,true,true
wvidineev2,Waneta,Vidineev,w89Gett,wvidineev2@si.edu,15:55:24.000,0:01:14.000,false,true
bgoricke3,Bessy,Goricke,n379QoQvAk9,bgoricke3@sakura.ne.jp,19:51:41.000,6:12:49.000,false,false
clednor4,Cathee,Lednor,1U8XTmcokPU,clednor4@bluehost.com,16:21:07.000,22:11:37.000,true,false
ctern5,Clemmy,Tern,782Ig7f3s,ctern5@google.com.au,1:37:23.000,23:22:09.000,false,false
pbrake6,Pennie,Brake,GB2iZo0FZkmd,pbrake6@free.fr,16:58:53.000,0:59:43.000,false,false
soakman7,Sheila,Oakman,8DZMak9P,soakman7@illinois.edu,15:35:23.000,8:33:52.000,true,false
rrisely8,Rachelle,Risely,7POp0Nf4,rrisely8@psu.edu,20:40:29.000,0:15:40.000,false,false
nhinkes9,Nicko,Hinkes,k8iWWhcg,nhinkes9@deviantart.com,5:13:54.000,14:52:51.000,true,true
lcanbya,Lindy,Canby,0tye5uNrel,lcanbya@mail.ru,9:58:57.000,13:08:28.000,true,true
awebbyb,Athene,Webby,ARnXRyXfX,awebbyb@gov.uk,0:06:09.000,2:00:22.000,false,false
kporteousc,Kylila,Porteous,rwdFTzXG,kporteousc@cpanel.net,12:11:35.000,4:49:10.000,false,true
oquarlesd,Olav,Quarles,288ntqFMij,oquarlesd@goodreads.com,10:39:47.000,2:00:40.000,false,false
cscarratte,Coop,Scarratt,Nv6BjClPc68v,cscarratte@mashable.com,10:50:56.000,4:20:54.000,false,false
vribbensf,Vivianna,Ribbens,pjghlToz5R,vribbensf@smh.com.au,22:02:32.000,15:55:37.000,true,false
jmacchaellg,Jerald,MacChaell,viKLBa8,jmacchaellg@vimeo.com,23:44:50.000,23:05:01.000,false,true
mnutth,Marietta,Nutt,KSosMr,mnutth@stanford.edu,21:24:28.000,13:25:50.000,false,true
lkibblei,Lonnie,Kibble,Q8G590,lkibblei@posterous.com,5:59:56.000,2:52:34.000,false,false
cmiddlehurstj,Candra,Middlehurst,ajBjHiUP,cmiddlehurstj@ed.gov,1:02:43.000,0:54:49.000,false,false
mbagguleyk,Martita,Bagguley,t9VB8LQc,mbagguleyk@sphinn.com,16:29:29.000,13:30:58.000,false,true
igrestiel,Ilse,Grestie,vAYaZNwzUk9,igrestiel@slashdot.org,13:23:35.000,2:34:26.000,false,true
jhollibonem,Julita,Hollibone,XGyVmC,jhollibonem@com.com,20:33:22.000,13:44:05.000,false,false
wstratiffn,Wilbur,Stratiff,wFe9JZ7,wstratiffn@biglobe.ne.jp,18:27:30.000,8:31:42.000,false,true
rgarwello,Ring,Garwell,WuTLwyZh,rgarwello@ucoz.com,14:13:31.000,5:18:35.000,true,true
mcookep,Myrvyn,Cooke,i3TGkg,mcookep@yahoo.com,6:57:01.000,10:06:25.000,true,false
mclynmansq,Madonna,Clynmans,EZreSoh,mclynmansq@bbc.co.uk,22:05:17.000,0:52:45.000,false,false
sreedr,Stefa,Reed,PEBE8giB,sreedr@sun.com,1:25:05.000,10:54:41.000,false,true
jwailess,Jenda,Wailes,D8FmemKwv,jwailess@about.me,6:23:16.000,19:54:15.000,true,true
bgaytert,Bernette,Gayter,FKooYm4bp0YB,bgaytert@comcast.net,16:30:04.000,12:41:11.000,true,true
bmaccaghanu,Babs,MacCaghan,KW0ON5GbF,bmaccaghanu@twitter.com,16:25:23.000,3:43:56.000,true,true
keilhartv,Kelbee,Eilhart,xdKcb6uYA9p,keilhartv@buzzfeed.com,0:39:02.000,7:53:26.000,false,false
lfolkesw,Lucilia,Folkes,hE3CV9Ck6uV,lfolkesw@phoca.cz,20:42:58.000,5:47:55.000,false,false
kpilex,Krispin,Pile,SGKvs5ApAAc,kpilex@independent.co.uk,12:02:38.000,22:14:30.000,true,false
aminithorpey,Abran,Minithorpe,115QzupeBd,aminithorpey@exblog.jp,18:40:07.000,14:52:38.000,true,false
kscarlettz,Katti,Scarlett,qIL3CRv3b,kscarlettz@reference.com,0:35:04.000,18:17:51.000,false,false
jdigweed10,Janette,Digweed,4ttWaN,jdigweed10@clickbank.net,8:22:32.000,14:10:02.000,false,false
shollindale11,Shepard,Hollindale,eVwvjH,shollindale11@google.de,10:56:34.000,23:00:45.000,false,false
swavish12,Sutherland,Wavish,Z7G4kmzeERCH,swavish12@yellowbook.com,14:47:52.000,6:34:22.000,false,true
ncockson13,Neda,Cockson,94E3pI,ncockson13@ebay.co.uk,10:12:47.000,1:42:27.000,false,true
mmullord14,Mallorie,Mullord,HdzpYHxFCG2E,mmullord14@soup.io,0:33:12.000,15:11:30.000,false,false
cmethringham15,Chad,Methringham,Md5YNoEWe,cmethringham15@cdc.gov,4:40:50.000,13:23:44.000,false,true
tteggin16,Twila,Teggin,K6AhCDFaNdAJ,tteggin16@japanpost.jp,10:19:23.000,9:08:13.000,true,true
bburthom17,Braden,Burthom,8A6QHlFpv,bburthom17@uiuc.edu,23:53:28.000,6:54:10.000,true,true
lparradine18,Lyndsey,Parradine,a2OXD3j3sj,lparradine18@npr.org,17:43:12.000,6:47:25.000,true,true
gzellner19,Galvin,Zellner,v0FiPlGhJ6Z,gzellner19@aol.com,17:27:02.000,23:09:12.000,true,false
tferrick1a,Therese,Ferrick,4Agv1qaE1V,tferrick1a@livejournal.com,15:03:26.000,5:13:47.000,true,true
htolfrey1b,Herman,Tolfrey,2pOt9BnNoYwm,htolfrey1b@prweb.com,16:24:47.000,20:09:13.000,true,true
mbrockley1c,Madeleine,Brockley,OxkBRWaWYP,mbrockley1c@pagesperso-orange.fr,17:20:41.000,19:42:16.000,false,true
moakland1d,Marketa,Oakland,1k7Az1V,moakland1d@ycombinator.com,1:09:10.000,0:09:44.000,true,true
nflobert1e,Nannie,Flobert,IeQ8LRQqYNnc,nflobert1e@oakley.com,16:35:37.000,11:49:54.000,false,false
cbailie1f,Caresse,Bailie,iUBSsdhPpW,cbailie1f@taobao.com,23:24:14.000,21:21:18.000,true,false
ppavyer1g,Pauletta,Pavyer,84aB7X4sE2l,ppavyer1g@arstechnica.com,0:40:35.000,19:20:56.000,false,false
nlanchbury1h,Nico,Lanchbury,2bysm5bbIEB,nlanchbury1h@amazon.com,15:29:15.000,1:03:50.000,true,false
dpyrke1i,Daryl,Pyrke,PXTw6v58,dpyrke1i@redcross.org,15:12:56.000,16:56:32.000,true,true
taimer1j,Thornton,Aimer,HgPvm4sd,taimer1j@youtu.be,21:49:15.000,18:43:08.000,false,true
cvanderbeken1k,Constanta,Van der Beken,6jVBUKUv,cvanderbeken1k@oakley.com,19:26:56.000,11:13:20.000,true,true
pbotley1l,Panchito,Botley,QYMwOik7Pi,pbotley1l@buzzfeed.com,21:06:58.000,18:30:17.000,false,true
mgiacomazzo1m,Margeaux,Giacomazzo,h9zQZQVjQGO,mgiacomazzo1m@ucoz.ru,3:01:38.000,11:38:44.000,false,false
ssparrow1n,Steffie,Sparrow,T5lQsK,ssparrow1n@disqus.com,7:47:38.000,4:12:58.000,false,false
maggas1o,Micki,Aggas,gE0Qu48H,maggas1o@hp.com,10:50:54.000,14:12:47.000,false,false
gantonioni1p,Garret,Antonioni,o7owlw,gantonioni1p@who.int,19:48:33.000,2:19:13.000,false,true
mrobic1q,Mortie,Robic,E9gPgJmWIy,mrobic1q@technorati.com,8:48:00.000,17:40:44.000,false,true
palden1r,Prentice,Alden,dsiNlF,palden1r@nbcnews.com,7:03:38.000,11:37:34.000,false,true
fgow1s,Felita,Gow,B16x0kOhJ,fgow1s@ucla.edu,20:21:34.000,16:06:30.000,true,false
bhaddleton1t,Baxie,Haddleton,eZWYAPpfp3,bhaddleton1t@npr.org,11:57:45.000,18:04:47.000,false,false
fswidenbank1u,Fidole,Swidenbank,jL1Xld7xq,fswidenbank1u@xing.com,2:51:20.000,23:14:27.000,false,false
rlehuquet1v,Raven,Le Huquet,yAmGAbRE,rlehuquet1v@theguardian.com,12:12:28.000,4:08:31.000,true,true
hmeekin1w,Hermon,Meekin,ZvcGuC,hmeekin1w@yelp.com,6:52:32.000,15:17:21.000,false,false
taaron1x,Tiffi,Aaron,y3yh2UzljU,taaron1x@alibaba.com,2:06:37.000,7:59:22.000,false,true
eswains1y,Emilia,Swains,q49WFHtUE,eswains1y@goodreads.com,20:59:57.000,8:05:52.000,false,false
hstivey1z,Harwilll,Stivey,f3eqRLaB4Mz,hstivey1z@slideshare.net,13:57:26.000,5:47:11.000,false,false
thaack20,Thaxter,Haack,rPSThgRcoaMl,thaack20@yolasite.com,14:52:46.000,12:45:30.000,true,false
fmcorkil21,Fanechka,McOrkil,LiVAPXsr,fmcorkil21@cdbaby.com,12:02:19.000,18:29:04.000,false,true
ltorfin22,Leola,Torfin,3gnjMeXjmxu,ltorfin22@google.es,2:32:08.000,17:52:00.000,true,true
ataks23,Allen,Taks,pYryFvEalC5,ataks23@example.com,0:50:44.000,5:34:13.000,false,false
rsandhill24,Rubie,Sandhill,Pz1gtapK,rsandhill24@wordpress.org,21:12:41.000,5:43:59.000,true,false
dblampied25,Desiri,Blampied,XLgmZMZ9db,dblampied25@wisc.edu,19:12:01.000,23:37:24.000,true,false
wheazel26,Whitby,Heazel,eL1oDVbhrR,wheazel26@statcounter.com,16:29:47.000,22:46:30.000,true,true
obirtwhistle27,Oneida,Birtwhistle,bdf24ba,obirtwhistle27@dmoz.org,17:05:57.000,21:11:27.000,true,true
sthurlby28,Sargent,Thurlby,VnBTu3s0jEyu,sthurlby28@oracle.com,1:20:39.000,22:28:38.000,true,false
rdandy29,Randi,Dandy,iPc8cQfv,rdandy29@github.io,11:24:22.000,15:29:16.000,false,true
hprobin2a,Hersch,Probin,mgGjAIi,hprobin2a@hugedomains.com,13:56:10.000,3:07:50.000,true,false
imallender2b,Ike,Mallender,7LWCvA5,imallender2b@dedecms.com,20:10:00.000,7:16:38.000,true,true
rminors2c,Renie,Minors,bQ9CqcxV,rminors2c@google.nl,3:57:00.000,9:05:29.000,true,false
efalls2d,Elonore,Falls,IgfCQzuIhO,efalls2d@google.ca,21:26:56.000,15:19:17.000,true,true
bbraunds2e,Brannon,Braunds,yKSQZn,bbraunds2e@blogs.com,15:51:47.000,0:42:22.000,false,false
kmcettigen2f,Kalindi,McEttigen,Q7wcl749Uc,kmcettigen2f@weibo.com,4:00:14.000,20:36:08.000,false,false
pmacmarcuis2g,Prissie,MacMarcuis,eCq7iqJf,pmacmarcuis2g@cargocollective.com,21:45:55.000,20:26:25.000,false,false
njedrachowicz2h,Nani,Jedrachowicz,lE2xP2H,njedrachowicz2h@indiatimes.com,14:57:17.000,4:46:58.000,true,true
jbenmore2i,Jelene,Benmore,CpdBxAY,jbenmore2i@ask.com,7:08:54.000,11:24:42.000,true,true
ikleingrub2j,Ilyse,Kleingrub,B4RmDY73,ikleingrub2j@jigsy.com,22:47:31.000,5:05:53.000,true,true
amcveagh2k,Agosto,McVeagh,ZvOvck,amcveagh2k@businessweek.com,3:24:19.000,21:00:33.000,false,false
pdymocke2l,Paula,Dymocke,W9XzoONHa,pdymocke2l@t.co,12:39:34.000,18:16:23.000,true,false
creah2m,Cicely,Reah,aJURE9b,creah2m@blogtalkradio.com,16:00:34.000,17:53:21.000,true,false
plovewell2n,Papageno,Lovewell,zaM400q,plovewell2n@adobe.com,12:50:52.000,12:46:08.000,true,false
dballaam2o,Derron,Ballaam,VEGxBfid1,dballaam2o@artisteer.com,0:35:28.000,10:05:08.000,false,true
ftoopin2p,Fredek,Toopin,UR5cRp,ftoopin2p@mediafire.com,14:07:32.000,20:47:21.000,true,true
ofulloway2q,Orland,Fulloway,3W5Sfql,ofulloway2q@wiley.com,5:13:12.000,1:02:17.000,true,true
gmaase2r,Gardiner,Maase,0V8V2Fx3A4,gmaase2r@mayoclinic.com,18:32:52.000,17:07:16.000,true,true
snorthway2s,Silvan,Northway,xT2a7Y1dDH,snorthway2s@tamu.edu,2:01:22.000,16:21:54.000,true,false
rpinn2t,Roxie,Pinn,vOhERIj8N,rpinn2t@cdbaby.com,3:42:36.000,12:19:02.000,false,false
gpreto2u,Gilbertina,Preto,3gDukK,gpreto2u@elpais.com,3:15:27.000,3:28:08.000,true,false
rbednall2v,Raviv,Bednall,m74ywscWU,rbednall2v@mac.com,9:19:34.000,15:31:27.000,false,false
tsmullin2w,Tani,Smullin,pBvue8OwSSl,tsmullin2w@typepad.com,14:31:46.000,0:34:16.000,false,true
klusher2x,Karlens,Lusher,34kfGi,klusher2x@weibo.com,9:34:19.000,14:07:49.000,true,false
cmebes2y,Cloe,Mebes,9EZS10N6pEi,cmebes2y@shinystat.com,1:09:25.000,0:09:29.000,false,true
screber2z,Stanislaw,Creber,tL6GJVf9,screber2z@stumbleupon.com,3:10:50.000,22:47:18.000,false,false
pcruickshank30,Pooh,Cruickshank,sfieUZfe0,pcruickshank30@guardian.co.uk,21:00:19.000,22:40:09.000,true,true
ihazelgrove31,Irita,Hazelgrove,HQfAiD9NF,ihazelgrove31@adobe.com,23:21:37.000,2:41:44.000,false,true
caustins32,Charlie,Austins,u7sylcda2,caustins32@dot.gov,11:17:27.000,7:20:22.000,false,true
rdenisco33,Rogers,De Nisco,uHOLPzb47K,rdenisco33@elegantthemes.com,13:15:04.000,13:13:36.000,true,false
wmadocjones34,Wyn,Madoc-Jones,s97lyZsT9P,wmadocjones34@time.com,12:34:01.000,11:40:54.000,false,true
mswindell35,Mill,Swindell,3ySUbDEBU,mswindell35@statcounter.com,6:32:16.000,5:32:48.000,true,true
mandreacci36,Monty,Andreacci,EeWsr5b0qfE,mandreacci36@smh.com.au,22:30:46.000,14:11:44.000,true,false
fgherardini37,Fowler,Gherardini,EyfoiN,fgherardini37@miibeian.gov.cn,2:16:36.000,5:58:41.000,false,false
bmcfaul38,Bari,McFaul,drAbM433fN8,bmcfaul38@cam.ac.uk,17:25:21.000,18:22:23.000,false,false
akeyzor39,Alexio,Keyzor,3P9VTrRqi,akeyzor39@addtoany.com,4:49:37.000,17:47:56.000,false,false
lsayles3a,Lonny,Sayles,JLWnTRznLL0,lsayles3a@nba.com,9:40:53.000,0:44:40.000,false,true
bcawsby3b,Bella,Cawsby,QtPGrLqMgUfO,bcawsby3b@hugedomains.com,16:00:27.000,12:31:17.000,true,false
wriatt3c,West,Riatt,hedClRebwQBJ,wriatt3c@google.ru,12:44:06.000,3:06:25.000,true,false
lwayte3d,Lezlie,Wayte,OtyCVO,lwayte3d@booking.com,19:59:16.000,16:26:12.000,true,false
svannoort3e,Samuel,Vannoort,qFiKbzORcEr,svannoort3e@mit.edu,12:33:24.000,23:47:35.000,true,true
rhalso3f,Renie,Halso,XgyzQfaAE,rhalso3f@typepad.com,5:04:41.000,14:52:18.000,true,false
bcozzi3g,Brandy,Cozzi,mY216Iue29,bcozzi3g@patch.com,3:55:49.000,23:12:24.000,true,false
lspikins3h,Louise,Spikins,KNjAtCRE,lspikins3h@cafepress.com,10:26:21.000,18:39:29.000,true,false
wbuttler3i,Wainwright,Buttler,UufLQThD,wbuttler3i@unblog.fr,10:30:14.000,22:16:07.000,true,true
aadanet3j,Anthe,Adanet,JvhdFekouZm,aadanet3j@fotki.com,13:02:54.000,1:10:41.000,false,true
fpauwel3k,Ferguson,Pauwel,sELh3K64K,fpauwel3k@phpbb.com,3:46:21.000,3:15:54.000,true,true
snotton3l,Shaun,Notton,neWekdJ6sIb,snotton3l@domainmarket.com,11:51:37.000,20:43:04.000,true,false
malleyn3m,Micah,Alleyn,c3CPmhSBrL,malleyn3m@ovh.net,23:42:07.000,19:50:48.000,true,false
jneligan3n,Jerome,Neligan,iQkStl0Y2,jneligan3n@huffingtonpost.com,23:42:33.000,9:01:57.000,true,true
dbeatson3o,Deeann,Beatson,rBDW0kL,dbeatson3o@printfriendly.com,14:33:34.000,23:18:51.000,true,true
berie3p,Barret,Erie,JX9YEx0jnS,berie3p@msn.com,23:31:22.000,0:54:09.000,false,false
ebagenal3q,Erick,Bagenal,w9oS6KJucBj,ebagenal3q@miitbeian.gov.cn,6:59:00.000,11:32:41.000,true,true
lcondell3r,Lucas,Condell,Qg2beo7gGmQA,lcondell3r@fastcompany.com,18:04:31.000,19:02:30.000,true,false
rasken3s,Rikki,Asken,0LFCyytNL,rasken3s@gnu.org,11:01:01.000,10:59:58.000,false,true
fbrunicke3t,Farrel,Brunicke,SvUbisMW,fbrunicke3t@newyorker.com,16:56:48.000,16:25:55.000,false,false
btrebilcock3u,Berton,Trebilcock,qO6rgMpDleV,btrebilcock3u@foxnews.com,5:17:09.000,3:46:12.000,true,true
cleithharvey3v,Cherie,Leith-Harvey,47DZJEb,cleithharvey3v@vinaora.com,6:24:39.000,22:05:34.000,true,true
scrooke3w,Sheila-kathryn,Crooke,ojSrNZ4UHZ,scrooke3w@yelp.com,9:23:43.000,19:04:32.000,true,true
aglowacha3x,Aileen,Glowacha,OoEDiM,aglowacha3x@opera.com,1:28:21.000,4:41:10.000,false,true
cdevaan3y,Clemence,De Vaan,Z9th16CxnqsM,cdevaan3y@canalblog.com,2:35:09.000,13:02:47.000,false,true
vpinder3z,Vlad,Pinder,AcwfjkJ16C34,vpinder3z@archive.org,11:20:13.000,6:36:32.000,true,true
ttomlin40,Tani,Tomlin,NCrytTcYYirc,ttomlin40@reuters.com,21:08:42.000,9:46:37.000,false,false
lponde41,Lindsey,Ponde,JWh8FmeTbbrj,lponde41@nature.com,0:16:07.000,15:51:20.000,true,true
llandsborough42,Lian,Landsborough,k4ebw5Buh5x,llandsborough42@blogs.com,3:49:41.000,13:25:03.000,true,false
lgokes43,Lynde,Gokes,9YDjnt,lgokes43@jimdo.com,21:41:04.000,14:11:32.000,true,true
cstobie44,Chrotoem,Stobie,ty6eBfK4mudt,cstobie44@rambler.ru,1:14:52.000,23:50:37.000,false,true
srowbury45,Salli,Rowbury,vXC0lVi9p,srowbury45@statcounter.com,0:10:09.000,16:49:57.000,false,false
ejuschka46,Elora,Juschka,xKkovXrZt,ejuschka46@webnode.com,9:33:42.000,8:32:44.000,false,true
lswindall47,Leola,Swindall,M1aiyT55d1Oy,lswindall47@desdev.cn,1:37:45.000,16:42:54.000,true,false
ghick48,Gerrilee,Hick,iL6odH43,ghick48@mail.ru,6:01:12.000,10:29:20.000,true,false
dsherwell49,Drud,Sherwell,yvvIGjAWd0mu,dsherwell49@omniture.com,15:10:17.000,9:43:57.000,true,false
asteabler4a,Anabella,Steabler,8AcSToPeayV,asteabler4a@mapquest.com,9:42:55.000,14:20:17.000,true,false
ccuttles4b,Cynde,Cuttles,cBAQxKW,ccuttles4b@wp.com,4:40:08.000,12:31:13.000,true,false
aalday4c,Anstice,Alday,rSSO1hfvhO,aalday4c@skype.com,17:37:08.000,6:41:59.000,false,true
dblind4d,Dorree,Blind,Wu5B8JUqxBND,dblind4d@harvard.edu,10:20:27.000,21:01:05.000,false,false
fbuyers4e,Fallon,Buyers,0F9BG0PZOmb,fbuyers4e@unc.edu,8:17:34.000,13:58:22.000,true,false
ojost4f,Opalina,Jost,1QNeRWNGf,ojost4f@earthlink.net,17:47:35.000,15:55:01.000,true,true
adietmar4g,Anthony,Dietmar,0XVB3aKQ,adietmar4g@so-net.ne.jp,0:03:46.000,11:28:50.000,false,true
kpoynton4h,Kial,Poynton,8Ko9mCRZdT,kpoynton4h@ucsd.edu,21:23:49.000,16:15:02.000,true,false
kparsonage4i,Karlan,Parsonage,T2nluW6OZQA,kparsonage4i@newsvine.com,7:19:15.000,4:53:11.000,false,true
ebrierly4j,Elisabeth,Brierly,ibRiFzgh,ebrierly4j@telegraph.co.uk,19:46:03.000,17:12:48.000,false,false
jcastletine4k,Judy,Castletine,pBvPlUeUM,jcastletine4k@usa.gov,7:59:24.000,0:17:46.000,true,true
acantua4l,Augustine,Cantua,BMlWNkM2,acantua4l@wikia.com,13:30:25.000,11:39:25.000,true,true
mdron4m,Martha,Dron,RJwCAg,mdron4m@cbsnews.com,0:18:06.000,20:59:35.000,false,false
kreckus4n,Kevon,Reckus,Hkg4gxGzW5g7,kreckus4n@google.es,21:53:37.000,9:58:38.000,true,false
lclousley4o,Laetitia,Clousley,nfBCW4SGy,lclousley4o@tripadvisor.com,9:50:49.000,5:34:47.000,true,false
ebarrand4p,Even,Barrand,Twj2w9,ebarrand4p@zdnet.com,3:15:14.000,23:18:12.000,false,true
wciardo4q,William,Ciardo,quiDvbS2VqU,wciardo4q@blogtalkradio.com,13:08:36.000,17:30:48.000,false,false
cforbes4r,Calli,Forbes,9KCvtpg3FwLl,cforbes4r@globo.com,6:31:52.000,9:23:35.000,false,false
bhaggerstone4s,Babb,Haggerstone,1SO8wpPOnU2j,bhaggerstone4s@statcounter.com,6:49:12.000,8:57:04.000,false,true
bbazek4t,Banky,Bazek,yaCnRpR,bbazek4t@independent.co.uk,12:07:52.000,3:39:46.000,false,false
bmackegg4u,Bryanty,MacKegg,BCCQ9Qi6R3,bmackegg4u@mashable.com,22:46:44.000,13:10:14.000,true,true
gcoom4v,Gregoire,Coom,UylsIV6R,gcoom4v@technorati.com,1:30:57.000,2:02:44.000,true,false
olowrance4w,Obed,Lowrance,ecMqAVe,olowrance4w@berkeley.edu,19:55:35.000,5:35:04.000,false,false
gvell4x,Gregory,Vell,nkDbH8G,gvell4x@umn.edu,2:51:03.000,15:45:38.000,false,true
pzamboniari4y,Patton,Zamboniari,wdAWoEiZsUF2,pzamboniari4y@imageshack.us,11:46:18.000,15:51:18.000,true,false
jcumberpatch4z,Jemimah,Cumberpatch,mB82THa,jcumberpatch4z@yale.edu,12:31:18.000,10:04:48.000,true,false
nmccurtain50,Northrop,McCurtain,cyjDyfHlme,nmccurtain50@addthis.com,1:52:37.000,1:33:00.000,false,true
mgonnel51,Marchall,Gonnel,sAaAPSJMKmzi,mgonnel51@economist.com,21:44:22.000,19:10:35.000,false,false
vginglell52,Valera,Ginglell,5IYGWSLQp,vginglell52@example.com,10:18:22.000,5:53:56.000,true,true
bwinterbottom53,Barnard,Winterbottom,bBlRV8fqO,bwinterbottom53@biblegateway.com,1:51:58.000,2:04:51.000,false,true
dyurukhin54,Doroteya,Yurukhin,NpDslb,dyurukhin54@yahoo.com,9:54:16.000,14:25:35.000,true,false
ootowey55,Orren,O'Towey,hC9QHQn,ootowey55@blogger.com,16:18:41.000,3:58:03.000,false,false
bmattocks56,Bartram,Mattocks,3mu5Don,bmattocks56@google.com.br,0:49:01.000,13:10:41.000,true,false
kelderton57,Korey,Elderton,vZgHwsWAvvDy,kelderton57@mac.com,13:43:32.000,18:21:45.000,true,false
wdriscoll58,Wilone,Driscoll,iQdykJnpYDc,wdriscoll58@hao123.com,22:40:11.000,8:44:58.000,true,true
bperfitt59,Berke,Perfitt,KXZUAmXvLF6,bperfitt59@i2i.jp,7:08:48.000,7:24:46.000,true,true
cpretor5a,Cynthie,Pretor,IcXBMgl4m,cpretor5a@paginegialle.it,7:03:44.000,1:32:16.000,true,true
kswinfen5b,Kelcey,Swinfen,6lfOZdulyJ,kswinfen5b@nifty.com,15:19:31.000,8:18:37.000,false,false
bmcduall5c,Bernardine,McDuall,4chPO66P1L,bmcduall5c@lulu.com,3:40:37.000,9:39:18.000,true,true
dgoslin5d,Derby,Goslin,IvpD0me1uTz,dgoslin5d@istockphoto.com,3:28:19.000,15:52:33.000,true,false
tsouza5e,Taddeusz,Souza,zPbnavR,tsouza5e@g.co,7:32:14.000,8:04:55.000,false,true
fcrewther5f,Frasier,Crewther,eB0KjjohjGtt,fcrewther5f@techcrunch.com,9:13:03.000,16:14:30.000,true,true
kmoult5g,Kenneth,Moult,gKEGt5kO,kmoult5g@google.es,1:18:40.000,0:33:59.000,false,false
rjunes5h,Reynard,Junes,OZTtT6,rjunes5h@taobao.com,4:40:24.000,3:04:49.000,true,false
rfurmenger5i,Ryon,Furmenger,dbR53dMMOJ,rfurmenger5i@gov.uk,2:54:20.000,19:18:42.000,false,true
nsevery5j,Nikola,Severy,giYRV2reJ,nsevery5j@yahoo.co.jp,11:53:15.000,4:16:56.000,false,false
equadri5k,Emogene,Quadri,WcsrHI,equadri5k@samsung.com,18:35:25.000,8:42:40.000,false,true
emityashin5l,Elysee,Mityashin,SGPn0bhec,emityashin5l@fotki.com,14:17:03.000,4:05:08.000,false,true
emeadley5m,Ellis,Meadley,C0PefBeUw9,emeadley5m@comsenz.com,18:46:56.000,17:15:36.000,false,false
nemberson5n,Nada,Emberson,JHzoDajU,nemberson5n@is.gd,21:51:16.000,19:50:56.000,true,true
rabys5o,Rosamond,Abys,gtIxPf6M,rabys5o@google.es,19:40:34.000,16:12:16.000,false,false
shurdman5p,Shem,Hurdman,yMm8aRz,shurdman5p@technorati.com,9:48:50.000,17:56:50.000,false,true
hauston5q,Hadlee,Auston,aEpi5BxKcRY,hauston5q@webeden.co.uk,20:50:53.000,10:36:33.000,false,false
toglevie5r,Titos,Oglevie,zc64EJOqptqA,toglevie5r@alibaba.com,0:52:50.000,0:58:50.000,false,false
zconre5s,Zacharias,Conre,eeZ1xfGyW,zconre5s@vinaora.com,21:51:27.000,4:24:01.000,true,false
flevicount5t,Forrester,Levicount,hrR3EzGd,flevicount5t@reference.com,15:32:26.000,19:28:50.000,false,false
asquire5u,Alleyn,Squire,1pLO4W7,asquire5u@senate.gov,9:22:38.000,18:37:39.000,true,true
opeckett5v,Odelle,Peckett,Zev46TR6NMkN,opeckett5v@google.com.hk,4:57:25.000,6:46:00.000,true,true
elambirth5w,Elliott,Lambirth,RV7YNRgyt3a,elambirth5w@com.com,13:01:45.000,21:26:55.000,false,false
ndoret5x,Nanci,Doret,MpeXVCRrfQPF,ndoret5x@storify.com,7:21:35.000,8:08:10.000,false,true
vbowling5y,Valina,Bowling,nzJVUId6,vbowling5y@google.cn,13:47:53.000,16:57:04.000,true,false
akeeler5z,Aaren,Keeler,iMK7U3eMWz4O,akeeler5z@phoca.cz,11:12:29.000,6:03:02.000,true,false
ckollasch60,Cassondra,Kollasch,6Nx6QkQ,ckollasch60@telegraph.co.uk,5:14:04.000,7:03:58.000,true,true
pmartinec61,Paquito,Martinec,e9pOYxgEE1,pmartinec61@skype.com,13:24:49.000,11:36:12.000,true,false
acoatman62,Ab,Coatman,q5VJqr9CmVKt,acoatman62@umn.edu,10:58:37.000,2:32:37.000,true,true
hsheddan63,Hayyim,Sheddan,TZ9gVLU2M,hsheddan63@123-reg.co.uk,8:30:46.000,6:05:08.000,true,true
bstubbeley64,Bryana,Stubbeley,AiG5SPht7C,bstubbeley64@tamu.edu,13:43:40.000,7:10:59.000,true,true
whurles65,Woody,Hurles,SnBZWb6cdEPu,whurles65@prweb.com,22:03:31.000,6:28:16.000,true,true
mblumsom66,Maxwell,Blumsom,Rgwjwje,mblumsom66@loc.gov,15:17:04.000,20:56:24.000,true,true
dharral67,Darelle,Harral,CiRBWHb,dharral67@wired.com,18:39:59.000,21:41:28.000,false,false
thallgath68,Trace,Hallgath,c4Sg1biF,thallgath68@reference.com,4:46:20.000,18:21:50.000,false,false
cingledew69,Colby,Ingledew,BjQ9eP,cingledew69@mozilla.org,19:05:08.000,22:35:55.000,true,true
dcreak6a,Daryle,Creak,64w6lqEqADVJ,dcreak6a@goo.gl,14:27:39.000,0:34:35.000,false,true
osmitherman6b,Opal,Smitherman,4IZQnXnG,osmitherman6b@google.es,13:34:34.000,7:40:30.000,false,true
tkivelle6c,Tuck,Kivelle,UtrLZqL,tkivelle6c@parallels.com,10:33:58.000,22:19:34.000,true,true
jgodson6d,Jo,Godson,qQYP3BD1Mq,jgodson6d@bbc.co.uk,8:58:46.000,8:00:45.000,false,false
wcolquitt6e,Werner,Colquitt,dMj1qEEDJHwP,wcolquitt6e@whitehouse.gov,8:49:52.000,10:40:59.000,true,false
sfeldberger6f,Sheilakathryn,Feldberger,pE5OKUhWZbq,sfeldberger6f@webs.com,1:21:23.000,15:30:11.000,true,true
fpiken6g,Farlay,Piken,BIr1NkW4giEU,fpiken6g@tinyurl.com,13:05:35.000,14:12:17.000,true,false
mstolze6h,Micaela,Stolze,73TEf1yj,mstolze6h@alibaba.com,2:38:28.000,15:27:49.000,true,true
pverrills6i,Park,Verrills,wzta0m,pverrills6i@privacy.gov.au,2:41:47.000,19:30:21.000,false,true
hkubicki6j,Heath,Kubicki,wupv0E,hkubicki6j@huffingtonpost.com,2:02:22.000,23:21:16.000,true,false
tdesimoni6k,Tory,De Simoni,expLYv7,tdesimoni6k@cnbc.com,19:05:42.000,23:00:09.000,false,false
ktumbelty6l,Kassi,Tumbelty,rvKoo7Jb,ktumbelty6l@biglobe.ne.jp,11:00:11.000,1:24:41.000,false,true
czupo6m,Cecilla,Zupo,0T4hRzlUG,czupo6m@nhs.uk,21:08:03.000,14:26:14.000,false,true
wvanyushkin6n,Walker,Vanyushkin,XnHfS11cMA,wvanyushkin6n@irs.gov,7:30:28.000,15:10:50.000,true,true
bcorsan6o,Benedikta,Corsan,IAC4p5Mm68S,bcorsan6o@w3.org,0:00:40.000,15:42:30.000,false,true
bcornwall6p,Betsy,Cornwall,A3wP01As7HHC,bcornwall6p@hp.com,23:34:18.000,14:31:07.000,true,true
jwoodman6q,Jaynell,Woodman,5SaOsHWvqu,jwoodman6q@technorati.com,9:30:49.000,6:22:20.000,true,true
lpennini6r,Lorianna,Pennini,DkkQtk7h3p,lpennini6r@elegantthemes.com,7:42:21.000,7:33:18.000,true,false
sapperley6s,Selestina,Apperley,hnVYqZvB,sapperley6s@ca.gov,17:59:06.000,5:58:58.000,true,true
cyosselevitch6t,Catha,Yosselevitch,LbjQI8,cyosselevitch6t@aol.com,11:41:26.000,8:01:52.000,false,true
gmayoh6u,Gigi,Mayoh,0WjA8egXlu3,gmayoh6u@simplemachines.org,21:33:59.000,17:23:53.000,true,false
jwaith6v,Jessalyn,Waith,9oDRYv,jwaith6v@xinhuanet.com,11:52:01.000,20:39:51.000,false,true
mrivitt6w,Merrielle,Rivitt,rZnIu4eT2D,mrivitt6w@yahoo.co.jp,17:56:34.000,11:22:50.000,true,false
leriksson6x,Leena,Eriksson,ahcNgOk91,leriksson6x@de.vu,7:00:17.000,10:45:38.000,false,true
acosins6y,Ambur,Cosins,qkEcFOeuSszJ,acosins6y@arstechnica.com,17:17:50.000,2:22:43.000,false,false
rricket6z,Robby,Ricket,mkTd2n8iX,rricket6z@businessinsider.com,3:59:54.000,16:05:27.000,true,false
sesley70,Sisile,Esley,hTfz3OHs,sesley70@w3.org,3:52:29.000,19:14:44.000,false,true
mchessill71,Martica,Chessill,g7gjulxG,mchessill71@webeden.co.uk,4:14:54.000,21:31:30.000,false,true
jbiesterfeld72,Jedd,Biesterfeld,9WruxKbcY4,jbiesterfeld72@narod.ru,23:01:41.000,15:32:04.000,false,true
pondrus73,Peadar,Ondrus,qG71dvzZ,pondrus73@yale.edu,23:28:26.000,16:40:42.000,true,false
ljesteco74,Lizabeth,Jesteco,pEqWDTKL,ljesteco74@nifty.com,12:57:41.000,2:08:17.000,false,true
cmcgookin75,Cacilia,McGookin,zdLBgToJ,cmcgookin75@is.gd,19:21:31.000,8:23:07.000,false,true
loakeby76,Loraine,Oakeby,dY5duz4j2,loakeby76@timesonline.co.uk,11:33:11.000,12:15:03.000,false,false
bmullinger77,Bil,Mullinger,cspt9aG,bmullinger77@youtu.be,10:53:48.000,16:31:42.000,false,true
vallmark78,Vera,Allmark,SdabiD,vallmark78@booking.com,2:27:11.000,17:22:54.000,false,false
iellick79,Irita,Ellick,PewixFE6e1en,iellick79@abc.net.au,19:43:00.000,14:22:17.000,true,false
tmiguet7a,Temp,Miguet,7FqEx5Em,tmiguet7a@nhs.uk,17:37:04.000,14:32:32.000,false,true
sveschambre7b,Shanan,Veschambre,vBIFdpjCzw,sveschambre7b@ow.ly,1:08:01.000,2:29:33.000,true,true
jfuncheon7c,Jayne,Funcheon,g5piNyc,jfuncheon7c@tumblr.com,2:30:45.000,22:20:59.000,true,false
rshillaber7d,Ray,Shillaber,psuqKa,rshillaber7d@ebay.co.uk,20:26:38.000,20:28:59.000,true,true
gswane7e,Garwin,Swane,ccbNz8pTf,gswane7e@wix.com,9:42:50.000,4:59:25.000,true,false
fchudleigh7f,Frasco,Chudleigh,Sc5kd6vp2mo,fchudleigh7f@un.org,8:43:55.000,14:48:31.000,true,false
yleyzell7g,Yetty,Leyzell,p6SKLfag,yleyzell7g@woothemes.com,21:12:10.000,11:02:11.000,false,true
lthying7h,Laverna,Thying,i15fAo6eyN,lthying7h@deliciousdays.com,14:19:24.000,15:41:26.000,true,true
ahankin7i,Ardith,Hankin,EW5HppdDHwNh,ahankin7i@usatoday.com,2:47:51.000,19:36:26.000,false,true
slangton7j,Suzie,Langton,IiJdaEPdAddw,slangton7j@xinhuanet.com,10:59:04.000,7:02:20.000,true,true
dpedlow7k,Diahann,Pedlow,BnoRcf9l,dpedlow7k@nsw.gov.au,19:47:01.000,13:21:20.000,true,true
jjaffrey7l,Jennilee,Jaffrey,QvekIC,jjaffrey7l@mtv.com,1:00:41.000,0:01:36.000,true,true
bbowman7m,Blayne,Bowman,heDTNCHwQxXh,bbowman7m@webeden.co.uk,21:59:07.000,4:44:00.000,true,true
mcourtois7n,Murdock,Courtois,R5UFQ0aPzP,mcourtois7n@examiner.com,0:08:45.000,18:33:50.000,false,false
uhulmes7o,Ulrikaumeko,Hulmes,zMer8yE9nIR,uhulmes7o@etsy.com,13:50:41.000,13:49:14.000,true,false
fdrabble7p,Farley,Drabble,dB8s6V,fdrabble7p@slate.com,18:42:35.000,22:50:09.000,false,false
tvirr7q,Tove,Virr,VFGxlEQi,tvirr7q@virginia.edu,1:28:13.000,5:50:16.000,false,false
lromans7r,Lainey,Romans,GJ99SPgl,lromans7r@nhs.uk,9:49:33.000,0:01:51.000,false,false
bgiannassi7s,Brett,Giannassi,uxIAxu,bgiannassi7s@smugmug.com,21:34:37.000,20:44:27.000,false,false
gtarge7t,Ginger,Targe,AuIcd6,gtarge7t@reference.com,17:37:49.000,10:54:57.000,false,false
hmelia7u,Herby,Melia,VnXFN08kuF,hmelia7u@odnoklassniki.ru,1:13:45.000,22:33:21.000,false,true
gmerton7v,Gannon,Merton,LbfFegM,gmerton7v@amazon.com,4:59:56.000,13:52:29.000,true,true
ilongman7w,Innis,Longman,C11c9Go8fLZl,ilongman7w@edublogs.org,14:31:12.000,8:23:18.000,false,true
ldargan7x,Lin,Dargan,0reJsQsyS,ldargan7x@google.fr,12:38:02.000,2:30:45.000,true,false
lheliar7y,Lalo,Heliar,M9PHyTDAWb,lheliar7y@discovery.com,14:58:17.000,2:33:14.000,false,false
rbangs7z,Retha,Bangs,AuT5Nfr,rbangs7z@ocn.ne.jp,11:45:05.000,7:43:45.000,true,true
faaronson80,Fidelity,Aaronson,XsyuJTTYE2,faaronson80@foxnews.com,8:52:10.000,18:08:18.000,false,false
kfrunks81,Kelli,Frunks,nUzfv1XX,kfrunks81@washingtonpost.com,7:35:19.000,13:25:43.000,false,true
cclayden82,Creigh,Clayden,tu2XSW8xlKVU,cclayden82@businessweek.com,17:59:20.000,23:27:10.000,false,false
lemmanueli83,Leesa,Emmanueli,wDu9z45Bd3ii,lemmanueli83@mediafire.com,18:49:13.000,23:43:09.000,false,true
klesley84,Kendre,Lesley,UWmUey,klesley84@buzzfeed.com,11:19:48.000,10:31:51.000,false,true
jstockton85,Jillian,Stockton,z4FtHro,jstockton85@nba.com,7:10:42.000,10:51:03.000,false,false
cgeistbeck86,Corinna,Geistbeck,KHcsPvOoAV,cgeistbeck86@chicagotribune.com,10:19:15.000,6:53:27.000,false,false
khicklingbottom87,Kalindi,Hicklingbottom,gPVhQTQ6,khicklingbottom87@google.it,16:37:34.000,7:59:50.000,true,true
amccreery88,Annalise,McCreery,mFCYcR,amccreery88@shop-pro.jp,10:08:43.000,14:24:05.000,false,false
mbellefant89,Marybelle,Bellefant,9bQr3vNgawqY,mbellefant89@simplemachines.org,11:36:24.000,10:57:11.000,true,false
twalklett8a,Thomasa,Walklett,LAJh1P85H,twalklett8a@washington.edu,7:27:51.000,0:39:27.000,false,true
calabaster8b,Charmane,Alabaster,3KMm0GVFoH,calabaster8b@microsoft.com,4:26:03.000,10:28:55.000,false,true
gbreakspear8c,Granville,Breakspear,2YRILZl5,gbreakspear8c@time.com,0:13:36.000,10:50:04.000,false,true
sstollsteimer8d,Stearne,Stollsteimer,uvrtI5E0RQV,sstollsteimer8d@symantec.com,8:41:28.000,5:23:12.000,false,false
emccreery8e,Ellery,McCreery,o7bMGB,emccreery8e@dailymail.co.uk,16:48:06.000,7:36:32.000,true,false
cscothorne8f,Coral,Scothorne,4nZAVTI9K2Zw,cscothorne8f@163.com,3:02:30.000,17:48:04.000,true,true
elittler8g,Emogene,Littler,yYHkKq,elittler8g@xrea.com,4:01:11.000,17:15:55.000,false,false
mhaburne8h,Marjory,Haburne,wdk2IsEk,mhaburne8h@sakura.ne.jp,14:26:15.000,8:38:18.000,true,true
mseers8i,Manfred,Seers,irNp85TJas,mseers8i@virginia.edu,1:02:41.000,5:49:24.000,true,true
msimion8j,Marchall,Simion,ZKJXy35MSoFa,msimion8j@bbb.org,4:52:45.000,20:59:52.000,true,true
gdobrowski8k,Garv,Dobrowski,El0GTxE5,gdobrowski8k@altervista.org,4:55:00.000,10:28:30.000,false,true
clanfare8l,Carey,Lanfare,9ZPVqUC9S6xj,clanfare8l@theguardian.com,7:09:55.000,8:09:10.000,true,false
tbathow8m,Tammara,Bathow,2LaZl6A3,tbathow8m@blogtalkradio.com,19:07:28.000,23:01:56.000,false,true
csneezum8n,Cyril,Sneezum,YQkN5njMm,csneezum8n@usatoday.com,14:40:04.000,21:59:42.000,true,false
ccromie8o,Cammy,Cromie,ROU4uKwJLGE0,ccromie8o@google.ca,18:50:20.000,9:54:07.000,true,false
kmolnar8p,Karlie,Molnar,LeTWpm8wsPoc,kmolnar8p@shop-pro.jp,2:59:45.000,21:16:40.000,false,false
fwrey8q,Frankie,Wrey,jOhCHNe,fwrey8q@wikipedia.org,9:26:35.000,2:26:58.000,false,false
truckledge8r,Timmy,Ruckledge,0CHIipaE0,truckledge8r@tiny.cc,16:25:34.000,23:25:24.000,false,true
jcasiero8s,Jerrie,Casiero,Q0XuBoB4kWo,jcasiero8s@berkeley.edu,6:23:32.000,3:54:27.000,true,true
dmacneilage8t,Darelle,MacNeilage,pNwLrU70,dmacneilage8t@i2i.jp,15:54:33.000,6:49:32.000,true,true
hshuttlewood8u,Holt,Shuttlewood,1e8kYGZI1,hshuttlewood8u@google.de,12:28:53.000,17:52:32.000,false,true
jelstone8v,Jessey,Elstone,e6Mt1tm7sox,jelstone8v@weather.com,4:45:25.000,21:20:20.000,true,false
ewakley8w,Elyssa,Wakley,Y6OVYT,ewakley8w@webmd.com,20:28:20.000,2:04:51.000,false,true
tfleckno8x,Toni,Fleckno,8neIAbIi9,tfleckno8x@barnesandnoble.com,11:02:48.000,8:17:48.000,true,true
wschiementz8y,Windy,Schiementz,Gk2TGa,wschiementz8y@epa.gov,22:50:15.000,6:00:38.000,false,false
cmourgue8z,Clim,Mourgue,wJ9idhy30q,cmourgue8z@behance.net,10:40:33.000,7:45:11.000,true,true
vtroke90,Verne,Troke,xElQRqR,vtroke90@arizona.edu,2:50:58.000,17:44:32.000,true,true
estag91,Edithe,Stag,ZN51kZo,estag91@nasa.gov,14:18:58.000,18:36:03.000,false,true
mjeannin92,Maitilde,Jeannin,kJmUtyK,mjeannin92@woothemes.com,5:07:32.000,22:45:13.000,false,true
dnavaro93,Douglas,Navaro,J2yKrR,dnavaro93@bbb.org,14:47:44.000,18:37:14.000,false,false
cbonass94,Clair,Bonass,oDAuHr,cbonass94@pbs.org,23:38:45.000,11:38:47.000,false,false
gemms95,Gail,Emms,GrtYiK,gemms95@foxnews.com,10:35:46.000,23:55:54.000,false,true
mcoey96,Maryanna,Coey,IBEpsfV9wcOh,mcoey96@eventbrite.com,17:30:07.000,21:09:52.000,true,false
ctoffoletto97,Cad,Toffoletto,8yHGfl,ctoffoletto97@webeden.co.uk,8:59:16.000,15:35:47.000,true,true
spearne98,Shawnee,Pearne,m2nLsMfF,spearne98@hhs.gov,16:40:47.000,22:52:16.000,true,false
aquail99,Aimee,Quail,DdxL4Llh,aquail99@merriam-webster.com,17:24:55.000,22:49:08.000,false,true
gmalan9a,Garner,Malan,yrtyZY5pjg,gmalan9a@harvard.edu,16:43:33.000,8:23:41.000,false,true
yrowlands9b,Yorgos,Rowlands,8lRJkuIaF,yrowlands9b@europa.eu,2:55:01.000,11:42:57.000,false,false
vspaight9c,Valry,Spaight,RNvLfU,vspaight9c@irs.gov,22:35:47.000,8:02:09.000,false,false
apiell9d,Aldridge,Piell,jKQN2UvZPhX,apiell9d@desdev.cn,11:04:31.000,13:39:56.000,true,true
vjenyns9e,Valentine,Jenyns,XMsKxp,vjenyns9e@nih.gov,22:13:59.000,12:15:39.000,false,true
erought9f,Ethelyn,Rought,LjFitaSjcnr,erought9f@spotify.com,10:42:50.000,16:26:09.000,false,true
frigmand9g,Fee,Rigmand,zfDwnXwtCBbd,frigmand9g@phoca.cz,13:43:19.000,0:35:03.000,true,true
lmcmeyler9h,Lars,McMeyler,5IY3Wh7,lmcmeyler9h@xing.com,5:16:17.000,12:29:31.000,true,true
rprandin9i,Rosaleen,Prandin,R8C01g,rprandin9i@wix.com,10:26:03.000,7:21:40.000,false,true
jquinn9j,Josefina,Quinn,OaJO6DcqXk2,jquinn9j@fastcompany.com,2:38:57.000,17:57:17.000,false,true
rblum9k,Rosabelle,Blum,Ef8xW60EnxJ,rblum9k@123-reg.co.uk,7:40:19.000,15:43:56.000,false,false
gattridge9l,Gavan,Attridge,4VdBc99p,gattridge9l@alibaba.com,14:35:37.000,17:55:54.000,true,false
kthorrold9m,Kelci,Thorrold,1quj82frlKp,kthorrold9m@ca.gov,7:46:27.000,22:07:47.000,true,true
cwilliamson9n,Corie,Williamson,msJyKyEc,cwilliamson9n@t.co,8:50:33.000,17:48:58.000,false,true
fcambell9o,Fletch,Cambell,iB4MLuAcN,fcambell9o@whitehouse.gov,3:35:47.000,21:41:37.000,true,true
eplant9p,Ellynn,Plant,RDvbbp,eplant9p@angelfire.com,5:27:19.000,22:08:17.000,false,false
fcartmell9q,Fancy,Cartmell,TF5I7qvkGcTI,fcartmell9q@blinklist.com,16:01:41.000,10:50:10.000,true,false
kmelbury9r,Kelwin,Melbury,14r1y4,kmelbury9r@phoca.cz,13:20:40.000,5:21:03.000,true,false
sbruggeman9s,Smith,Bruggeman,GlJ7UfKZVn,sbruggeman9s@soundcloud.com,22:36:20.000,14:48:28.000,true,false
ccaddock9t,Caye,Caddock,HtOdgpgn,ccaddock9t@topsy.com,2:53:23.000,0:47:06.000,true,false
mmullis9u,Mychal,Mullis,omyVBK5,mmullis9u@etsy.com,10:51:45.000,22:11:53.000,true,true
bkey9v,Bald,Key,H9cpdF,bkey9v@cdc.gov,4:05:48.000,20:46:53.000,true,true
nmccafferky9w,Natividad,McCafferky,J9IFn00WAFC,nmccafferky9w@cisco.com,11:37:09.000,1:13:43.000,false,false
mwardlaw9x,Maryellen,Wardlaw,pjytgLuPsr,mwardlaw9x@wikimedia.org,17:28:11.000,7:18:59.000,false,true
tbadini9y,Tedd,Badini,sW40oNR5,tbadini9y@weibo.com,19:27:54.000,1:10:46.000,false,true
tfriel9z,Teodoor,Friel,GXYH9SnZm2,tfriel9z@sun.com,1:32:05.000,23:30:25.000,true,true
bbennikea0,Bartholomeo,Bennike,Jg9hg2GL,bbennikea0@ox.ac.uk,9:29:43.000,21:46:22.000,true,true
dvallentina1,Devonne,Vallentin,jnDopKo1TVq9,dvallentina1@ebay.co.uk,21:13:06.000,9:44:50.000,true,true
dmcculleya2,Denni,McCulley,BM0m3ZMCrl,dmcculleya2@squarespace.com,17:04:49.000,22:01:05.000,true,false
cfredia3,Concordia,Fredi,tNiWlIh,cfredia3@google.es,5:55:36.000,17:11:00.000,false,true
cmaccrackena4,Chelsae,MacCracken,cUCyrWGi,cmaccrackena4@free.fr,11:59:48.000,9:16:03.000,true,true
emcgorleya5,Elton,Mc Gorley,ERD0ChBF,emcgorleya5@marriott.com,1:02:52.000,21:27:41.000,false,false
kgiampietroa6,Keary,Giampietro,fQ8zd3L3G,kgiampietroa6@dot.gov,16:53:13.000,1:40:54.000,false,true
sscoulera7,Sybil,Scouler,1rXI7Q3O8,sscoulera7@ted.com,5:59:35.000,15:02:23.000,true,false
gtolletta8,Gayelord,Tollett,DZYmRidx,gtolletta8@seattletimes.com,2:58:57.000,19:24:08.000,false,false
cgilveara9,Calla,Gilvear,jHS26uWL4U,cgilveara9@epa.gov,10:42:43.000,7:49:36.000,true,false
cthorsenaa,Cherise,Thorsen,8SglXJyr6ZS,cthorsenaa@nymag.com,14:46:13.000,13:27:59.000,false,false
aantonioab,Adelaide,Antonio,oCO30Qmo5st,aantonioab@goo.gl,9:58:24.000,14:48:47.000,false,false
tgilluleyac,Tallie,Gilluley,SDEm1s,tgilluleyac@etsy.com,9:32:15.000,15:40:42.000,true,false
kfultonad,Kristoffer,Fulton,mxd1CC,kfultonad@ox.ac.uk,8:11:17.000,17:50:03.000,true,false
ahecknerae,Aksel,Heckner,EFkJnX74K,ahecknerae@simplemachines.org,20:08:36.000,4:42:30.000,true,false
oivakhnovaf,Ossie,Ivakhnov,hdezA9c,oivakhnovaf@sina.com.cn,17:23:32.000,14:02:12.000,true,false
shallidayag,Siusan,Halliday,y7o7EAisYqBX,shallidayag@technorati.com,3:18:27.000,11:29:06.000,true,false
amacyah,Auberta,Macy,IXUgifS,amacyah@disqus.com,4:15:51.000,17:56:05.000,false,false
fclemsonai,Fleur,Clemson,b99pq2hThe,fclemsonai@fotki.com,15:13:53.000,2:02:32.000,false,true
lmanifouldaj,Lawry,Manifould,ZplSuFp,lmanifouldaj@fotki.com,1:49:40.000,11:22:07.000,false,false
nharnimanak,Nadine,Harniman,x3WkfUo3Fzi,nharnimanak@istockphoto.com,21:26:13.000,5:00:56.000,false,false
mmckelvieal,Marnie,McKelvie,Vlbq2aVz8rn,mmckelvieal@disqus.com,21:26:01.000,14:17:09.000,true,true
dnarisam,Davita,Naris,g6lv0E06ch,dnarisam@reddit.com,21:18:49.000,22:11:17.000,true,true
kebbettan,Krystyna,Ebbett,crNZ1lu,kebbettan@ftc.gov,12:21:41.000,12:06:43.000,false,true
dtamblingsonao,Dominique,Tamblingson,WXg5oS,dtamblingsonao@taobao.com,22:38:49.000,2:12:41.000,false,true
bherleyap,Bette-ann,Herley,Aa6WodW,bherleyap@theglobeandmail.com,23:21:18.000,21:32:20.000,false,true
aspringeraq,Arline,Springer,aiOtsf59U,aspringeraq@auda.org.au,10:08:15.000,23:06:46.000,false,false
gheathwoodar,Gorden,Heathwood,kNaw98Od,gheathwoodar@usda.gov,13:25:07.000,9:19:56.000,false,false
mmolohanas,Melisande,Molohan,CMr5RgU,mmolohanas@aol.com,6:41:03.000,16:02:36.000,false,true
hrousselat,Haze,Roussel,r7rDVZ4Mgo,hrousselat@gravatar.com,20:26:21.000,22:27:51.000,false,false
pborlessau,Paulie,Borless,PBzgtLncZwXC,pborlessau@multiply.com,19:05:55.000,6:16:04.000,false,false
miremongerav,Maude,Iremonger,KSEZEO,miremongerav@ovh.net,12:01:25.000,3:41:32.000,true,false
wmellodyaw,Woodrow,Mellody,gwCxSO2kq1s,wmellodyaw@umn.edu,15:41:53.000,0:49:43.000,true,true
twillattsax,Tamar,Willatts,vAIx2lMx,twillattsax@histats.com,14:10:41.000,12:10:04.000,false,true
cscholtzay,Ced,Scholtz,PRCqZwrj,cscholtzay@hostgator.com,5:32:32.000,14:08:22.000,true,false
bmapletoftaz,Bastien,Mapletoft,XgBlJr,bmapletoftaz@ucsd.edu,17:31:16.000,6:30:47.000,true,true
krobathamb0,Keven,Robatham,54XP2eK,krobathamb0@hhs.gov,14:37:29.000,20:32:56.000,false,true
acharlotb1,Aksel,Charlot,j3d85e4sl,acharlotb1@unicef.org,14:15:19.000,14:01:49.000,false,true
cgrushinb2,Charla,Grushin,82eYjg,cgrushinb2@mediafire.com,12:39:49.000,1:51:46.000,true,true
lbirkinb3,Loutitia,Birkin,IH2Pd6,lbirkinb3@msu.edu,18:40:24.000,5:50:57.000,true,true
cwaisonb4,Curcio,Waison,0SP6LjX0af,cwaisonb4@wikispaces.com,10:24:11.000,20:08:58.000,false,true
ldudmeshb5,Lindsey,Dudmesh,OcxBkeNazf,ldudmeshb5@latimes.com,17:16:32.000,10:23:56.000,true,true
kjiggenb6,Karry,Jiggen,JjxTK5,kjiggenb6@npr.org,17:11:13.000,2:14:01.000,false,true
kcleeb7,Karlis,Clee,OqhCfyn,kcleeb7@posterous.com,9:26:35.000,19:55:59.000,true,true
hcrickettb8,Helena,Crickett,cJ57Nr,hcrickettb8@utexas.edu,22:17:11.000,9:35:02.000,false,true
gtrappeb9,Germain,Trappe,WWEZWLdS,gtrappeb9@hexun.com,20:42:00.000,10:43:09.000,true,true
kkubachba,Kittie,Kubach,gva3bO,kkubachba@bizjournals.com,22:55:53.000,10:39:04.000,false,false
ncanadabb,Nessi,Canada,bQ5xd1WXcC,ncanadabb@intel.com,17:58:25.000,13:31:07.000,false,true
ceversonbc,Constantia,Everson,Md14YpzG,ceversonbc@over-blog.com,5:13:00.000,11:16:03.000,true,false
lwallentinbd,Luella,Wallentin,7qaBJI36R,lwallentinbd@unblog.fr,4:06:34.000,9:45:45.000,false,true
mmcpeetersbe,Maddie,McPeeters,rceNngsZTxxW,mmcpeetersbe@aboutads.info,12:55:59.000,21:53:26.000,true,false
emenchentonbf,Emalia,Menchenton,jzA4Zdr8,emenchentonbf@geocities.com,2:57:56.000,9:57:17.000,true,true
sglauberbg,Skipp,Glauber,6aNriEU9x3EP,sglauberbg@arizona.edu,3:31:33.000,4:26:30.000,true,true
qsherrockbh,Quintus,Sherrock,RrVcPJlBZlWY,qsherrockbh@blinklist.com,23:46:06.000,10:40:45.000,false,false
hpudsallbi,Herbie,Pudsall,VBKQrSgHnb7i,hpudsallbi@furl.net,12:54:39.000,22:00:01.000,false,false
dfarleybj,Devy,Farley,JE6W3JsA,dfarleybj@miitbeian.gov.cn,8:09:32.000,6:59:58.000,false,false
polliffebk,Philippa,Olliffe,T970xQ,polliffebk@flavors.me,4:48:01.000,15:43:56.000,true,false
crawlsbl,Carola,Rawls,UNr67PH1u2o,crawlsbl@google.ru,12:58:53.000,18:30:40.000,true,true
satheisbm,Samuele,Atheis,snNSrA,satheisbm@cbc.ca,14:41:33.000,1:06:03.000,true,false
awilcockesbn,Alis,Wilcockes,5GqilLRsDeO,awilcockesbn@utexas.edu,22:51:05.000,12:56:49.000,true,false
zmunktonbo,Zoe,Munkton,7BdhRDI6j,zmunktonbo@free.fr,14:59:17.000,6:30:54.000,true,false
gnorvillbp,Garv,Norvill,fzM9UzuzArJ,gnorvillbp@marketwatch.com,23:28:05.000,10:52:35.000,true,false
areiskbq,Agna,Reisk,kz2pA6hoAt1,areiskbq@list-manage.com,0:14:02.000,10:18:09.000,true,true
asheasbybr,Aurthur,Sheasby,qkbSAfLYq7E,asheasbybr@archive.org,22:55:24.000,8:09:33.000,false,false
ahandmorebs,Aharon,Handmore,GrGdWszd,ahandmorebs@t-online.de,14:02:19.000,14:30:08.000,true,true
hstivebt,Henri,Stive,fc5N2gfOu7Cj,hstivebt@exblog.jp,1:56:08.000,2:36:44.000,true,false
djakoviljevicbu,Dollie,Jakoviljevic,vYA8c3C,djakoviljevicbu@vkontakte.ru,5:21:24.000,5:41:46.000,false,true
moxbv,Matty,Ox,x3pLlLB,moxbv@taobao.com,19:18:50.000,20:46:38.000,true,false
bfeldonbw,Barbabas,Feldon,nA8ujZalvtp,bfeldonbw@sohu.com,17:22:17.000,14:52:58.000,true,true
mbortolonibx,Marjorie,Bortoloni,Tw1ss1l,mbortolonibx@sbwire.com,6:53:56.000,7:44:34.000,true,true
tculbertby,Tucky,Culbert,HSL8q3Ezt4,tculbertby@vkontakte.ru,6:23:21.000,23:37:45.000,true,true
mfrareybz,Mayer,Frarey,Pj4WEfRshZ,mfrareybz@google.cn,14:25:11.000,18:56:23.000,true,true
bseldonc0,Becka,Seldon,NaRS3ors,bseldonc0@lulu.com,2:18:50.000,9:42:29.000,true,true
kbirdsc1,Ki,Birds,SNMg4mS,kbirdsc1@bloglines.com,3:25:39.000,8:14:52.000,false,true
vfidilisc2,Van,Fidilis,A9C5kD,vfidilisc2@forbes.com,5:22:16.000,3:08:40.000,true,true
aoadec3,Alberik,Oade,ViO8s7eRdjR,aoadec3@youtube.com,20:08:44.000,21:31:18.000,true,false
aklementc4,Andree,Klement,HjtBmkGi,aklementc4@facebook.com,8:06:50.000,17:28:53.000,true,false
hmanisc5,Harcourt,Manis,rh4N8H7Gxz,hmanisc5@miibeian.gov.cn,2:28:24.000,5:02:21.000,false,true
ebearblockc6,Eldin,Bearblock,559jQVrTeyb,ebearblockc6@simplemachines.org,16:07:34.000,6:37:29.000,false,false
jhaizeldenc7,Jamil,Haizelden,BFWo1rxm3CQ,jhaizeldenc7@icq.com,3:56:02.000,15:14:24.000,false,true
kmarrowsc8,Kearney,Marrows,DzIHCk,kmarrowsc8@umich.edu,20:42:15.000,21:26:33.000,false,true
midendenc9,Marcelo,Idenden,HcppaOMT1,midendenc9@dropbox.com,2:06:52.000,15:46:36.000,false,false
gmatessianca,Giulia,Matessian,WCRpiZ7K6,gmatessianca@jugem.jp,14:54:01.000,7:01:44.000,true,false
ppresslandcb,Pollyanna,Pressland,mDe1j1lO4HXn,ppresslandcb@comsenz.com,9:05:07.000,18:31:18.000,true,true
mpovelecc,Maddie,Povele,DPC0KBzSN,mpovelecc@epa.gov,18:52:55.000,2:49:10.000,false,false
ahousbeycd,Anthe,Housbey,cFbnSRlE7x,ahousbeycd@sbwire.com,15:21:50.000,3:21:56.000,true,false
aluxce,Ardys,Lux,0juJVHeff,aluxce@slideshare.net,9:08:53.000,18:29:23.000,true,true
nlearmondcf,Ninetta,Learmond,nRxxFCtj2v,nlearmondcf@statcounter.com,17:08:53.000,5:58:16.000,true,false
cstrondcg,Carmella,Strond,xIE1JrOF,cstrondcg@ycombinator.com,3:13:54.000,20:26:24.000,true,false
kormondch,Kimmy,Ormond,IxVIRJNg7D2B,kormondch@virginia.edu,9:55:10.000,14:15:51.000,false,true
ulangleyci,Ugo,Langley,ATdTCGV,ulangleyci@samsung.com,20:17:08.000,16:38:32.000,true,false
lcotmancj,Lulita,Cotman,xcjRfTpPlN,lcotmancj@abc.net.au,11:43:53.000,3:48:10.000,false,true
dmcalineck,Dulciana,McAline,G5ATbTOjN,dmcalineck@dedecms.com,13:42:25.000,19:17:03.000,true,false
ksyfaxcl,Kaia,Syfax,gDD857yJ,ksyfaxcl@pinterest.com,16:08:14.000,4:27:05.000,true,false
gtimmiscm,Gery,Timmis,WWwCAdo9,gtimmiscm@unblog.fr,18:48:33.000,8:17:29.000,false,false
anisbithcn,Austina,Nisbith,WzGictS9TDN,anisbithcn@livejournal.com,12:54:21.000,19:32:48.000,false,false
imuscottco,Inez,Muscott,FCAsZYNzw9qY,imuscottco@timesonline.co.uk,21:25:22.000,6:52:24.000,false,false
mfairlawcp,Marilee,Fairlaw,quJQdY8Uqj,mfairlawcp@freewebs.com,6:12:42.000,4:25:30.000,true,true
sitzchakicq,Seward,Itzchaki,J8eR3UFwC,sitzchakicq@google.nl,3:52:16.000,4:49:56.000,false,false
mjedrzejczykcr,Maire,Jedrzejczyk,gTJOTFEI,mjedrzejczykcr@jiathis.com,23:19:30.000,22:38:31.000,false,true
csautercs,Charita,Sauter,RVhT7M8i,csautercs@washingtonpost.com,20:54:05.000,6:51:26.000,true,false
hfarrellct,Hy,Farrell,Blt5X05jCcU,hfarrellct@fotki.com,5:13:35.000,18:56:06.000,true,true
gfassbendercu,Gideon,Fassbender,BIGY9d3l8QY,gfassbendercu@wikia.com,6:30:48.000,12:11:04.000,true,true
mcastrillocv,Milicent,Castrillo,nC44Pj7wN,mcastrillocv@army.mil,3:06:02.000,14:01:11.000,true,true
msemarkecw,Meier,Semarke,tZ5ZRSw14WTu,msemarkecw@barnesandnoble.com,9:52:50.000,14:31:25.000,false,true
ostrutleycx,Omar,Strutley,WdvOdDaPLvnD,ostrutleycx@sitemeter.com,1:09:05.000,12:45:30.000,true,true
kortlercy,Kenn,Ortler,Z83Ytc,kortlercy@alexa.com,10:40:48.000,3:45:18.000,false,true
jlilioncz,Josi,Lilion,oZW1HMRN2U,jlilioncz@ebay.co.uk,21:21:59.000,18:41:16.000,true,true
ebrogginid0,Eden,Broggini,Wd7UCZTYfZH,ebrogginid0@economist.com,9:56:35.000,1:21:24.000,true,false
kfantonettid1,Katrina,Fantonetti,Id7kTCj9D7t,kfantonettid1@linkedin.com,6:55:15.000,18:13:50.000,false,true
rperringtond2,Rutherford,Perrington,P3o6kiM,rperringtond2@oakley.com,5:00:26.000,8:51:02.000,false,false
gjezardd3,Georas,Jezard,b2hyHve,gjezardd3@miitbeian.gov.cn,5:30:15.000,16:11:27.000,false,true
jfrangletond4,Jeth,Frangleton,GFdHsdla2Rw,jfrangletond4@edublogs.org,8:25:07.000,22:17:35.000,true,true
asmoothd5,Alethea,Smooth,GAB8vr8FYN,asmoothd5@springer.com,1:19:55.000,21:52:54.000,false,false
hmessamd6,Hurlee,Messam,MS7jc3ooUrLl,hmessamd6@tumblr.com,22:01:38.000,4:26:37.000,true,false
fmaccrackend7,Florry,MacCracken,uvD5rJj,fmaccrackend7@netlog.com,17:13:44.000,13:28:53.000,true,true
nmorad8,Nell,Mora,JzjoNQ47SED,nmorad8@sohu.com,22:52:55.000,23:19:39.000,true,false
smanlowd9,Seumas,Manlow,FzTFI4,smanlowd9@globo.com,11:29:17.000,21:35:16.000,true,false
jillyesda,Jarrett,Illyes,7qXsQOCIwDH,jillyesda@google.com.hk,4:24:31.000,23:48:30.000,false,false
gheinshdb,Gussi,Heinsh,O5ZXL7GmFNGL,gheinshdb@cloudflare.com,18:14:03.000,22:28:12.000,true,false
hbonnesendc,Hazel,Bonnesen,kd2top6Hs4ja,hbonnesendc@sciencedirect.com,4:27:49.000,21:04:26.000,true,true
jdillistonedd,Joey,Dillistone,tZvGvAOeX6,jdillistonedd@typepad.com,23:41:26.000,9:44:08.000,false,false
dbissonde,Dorise,Bisson,DLIZ2Ra,dbissonde@ovh.net,23:24:28.000,23:36:57.000,true,false
glapennadf,Grete,Lapenna,fXk0ym7,glapennadf@hexun.com,11:43:56.000,17:36:00.000,true,true
kbartoddg,Karylin,Bartod,kGHCJMQjN,kbartoddg@live.com,7:38:01.000,6:24:54.000,true,true
porumdh,Pail,Orum,aMOvy5GL5xC,porumdh@about.com,17:05:39.000,3:22:03.000,false,false
acrockleydi,Alaster,Crockley,jlMxRox2xeP,acrockleydi@wix.com,5:06:00.000,0:51:28.000,true,false
dbalbeckdj,Dolorita,Balbeck,GUfweRZk0shP,dbalbeckdj@over-blog.com,10:19:21.000,19:49:46.000,false,true
cwhitelockdk,Correna,Whitelock,CoIusuhv2ou,cwhitelockdk@tumblr.com,10:56:21.000,8:54:27.000,false,true
rbeeddl,Rori,Beed,h3rc3Cp,rbeeddl@jalbum.net,14:04:35.000,21:06:09.000,true,false
echaffendm,Elita,Chaffen,5uwf1F4IV,echaffendm@webnode.com,20:14:17.000,21:22:37.000,true,true
iskittlesdn,Isobel,Skittles,I4IYDBHPuY2,iskittlesdn@ocn.ne.jp,18:58:02.000,8:49:18.000,true,true
klefeuvredo,Kessia,Lefeuvre,b7y82qiV8Gfs,klefeuvredo@shareasale.com,10:47:55.000,15:53:41.000,true,false
dbelchamdp,Darin,Belcham,Ya9qFQpIZ3hV,dbelchamdp@cafepress.com,23:57:46.000,17:18:11.000,false,false
mgrovehamdq,Marika,Groveham,w4lcFFZB1v7b,mgrovehamdq@google.es,16:10:20.000,9:35:33.000,true,true
lsollasdr,Lisle,Sollas,xZnfYtjVfZ,lsollasdr@msu.edu,2:12:47.000,19:53:44.000,true,true
gbraisherds,Gerta,Braisher,HgZlWw4Ja3t,gbraisherds@gizmodo.com,4:09:47.000,23:39:44.000,true,false
ebranthwaitedt,Elbert,Branthwaite,CnQ8JN7wYCX,ebranthwaitedt@opensource.org,5:36:52.000,9:53:57.000,false,false
dvyedu,Douglass,Vye,Ui4HpmsvHqEr,dvyedu@wikia.com,6:08:41.000,18:26:19.000,true,true
cdockraydv,Corella,Dockray,RjKCGjnTE,cdockraydv@scribd.com,17:14:40.000,6:35:12.000,false,false
amoyserdw,Ardella,Moyser,L3T209XfzuT,amoyserdw@sphinn.com,8:29:02.000,10:47:23.000,false,true
acroncheydx,Alikee,Cronchey,SRhxREZkV,acroncheydx@booking.com,16:33:33.000,7:29:29.000,false,true
rmeadmoredy,Rem,Meadmore,s2GeCqAie,rmeadmoredy@blogtalkradio.com,8:23:56.000,12:40:53.000,false,true
tbaylissdz,Torrie,Bayliss,cbBZDkiQ,tbaylissdz@hud.gov,14:22:48.000,14:24:24.000,true,true
mcohanie0,Mordy,Cohani,hL75bTi,mcohanie0@xing.com,11:39:15.000,20:49:47.000,false,true
wharborde1,Wyatan,Harbord,KHeyRu31bLz,wharborde1@altervista.org,12:36:02.000,15:23:06.000,false,false
ggwilliamse2,Giana,Gwilliams,cVixOCWnnMU,ggwilliamse2@discovery.com,16:53:00.000,5:27:04.000,true,false
fclowese3,Farah,Clowes,yp9q28,fclowese3@whitehouse.gov,6:25:22.000,15:25:51.000,true,false
mmuldere4,Marshal,Mulder,mJCd5n5rHZ7D,mmuldere4@kickstarter.com,22:20:14.000,14:54:25.000,false,false
hharbacke5,Hilda,Harback,LUKMRmY,hharbacke5@pbs.org,7:56:20.000,18:10:26.000,true,true
pbedwelle6,Pansie,Bedwell,BveFCdC,pbedwelle6@gov.uk,10:00:39.000,22:44:42.000,false,true
sgritsunove7,Simon,Gritsunov,lpF51GebBdDZ,sgritsunove7@ovh.net,8:59:30.000,15:20:17.000,false,true
hwiffene8,Haley,Wiffen,gJDY3ePid,hwiffene8@opera.com,15:11:25.000,4:42:07.000,false,true
kvasilee9,Kellia,Vasile,ppDrYqyewt,kvasilee9@rambler.ru,23:34:03.000,13:17:42.000,false,true
mvogtea,Margareta,Vogt,4aVgO7,mvogtea@wunderground.com,6:25:41.000,8:49:36.000,false,true
bdelamereeb,Barby,Delamere,Uxo2y1br,bdelamereeb@reddit.com,0:36:05.000,4:27:44.000,true,true
singleyec,Sande,Ingley,45FBXG5ug,singleyec@twitpic.com,15:11:49.000,13:44:11.000,false,true
mchildsed,Meg,Childs,YxFGIGTzBUZ,mchildsed@artisteer.com,16:10:26.000,20:54:26.000,false,false
oogbourneee,Olga,Ogbourne,qH36BiHBH3,oogbourneee@mapquest.com,1:17:07.000,17:15:08.000,true,true
tfaulkeneref,Tracey,Faulkener,TserFIPRo5Es,tfaulkeneref@printfriendly.com,7:00:25.000,16:46:29.000,true,false
odenteg,Othelia,Dent,jfIBtfmN,odenteg@wisc.edu,17:54:16.000,20:40:35.000,true,true
lcowherdeh,Leda,Cowherd,0nE93C8IGRJM,lcowherdeh@archive.org,4:46:37.000,6:59:38.000,true,true
lrenihanei,Leonie,Renihan,l91ydPNZ,lrenihanei@toplist.cz,10:12:33.000,18:46:33.000,true,false
bstonemanej,Batholomew,Stoneman,jxq5DX,bstonemanej@symantec.com,19:23:05.000,12:55:51.000,true,false
csuffeek,Carmita,Suffe,C3qug7Y,csuffeek@vk.com,20:39:01.000,13:52:10.000,true,false
gmarqyesel,Gilemette,Marqyes,Dq21KYpUR,gmarqyesel@china.com.cn,5:31:21.000,3:32:38.000,false,false
melstoneem,Minne,Elstone,DkXfxDqkt,melstoneem@harvard.edu,17:57:36.000,8:28:07.000,false,true
myakunkinen,Melisandra,Yakunkin,0KW8i6K,myakunkinen@google.com,19:25:19.000,9:32:48.000,false,true
qmcconachieeo,Quincey,McConachie,bTcF8iUDK6BG,qmcconachieeo@google.cn,0:49:51.000,17:18:39.000,true,true
cmccrohonep,Christoforo,McCrohon,H5jMDNxDL,cmccrohonep@pcworld.com,12:10:54.000,2:07:26.000,true,true
lpoleyeeq,Latisha,Poleye,G8jZggVH,lpoleyeeq@nba.com,4:15:20.000,11:33:32.000,false,false
chelstromer,Cad,Helstrom,28WGTKzjh,chelstromer@deviantart.com,19:17:39.000,17:02:51.000,true,false
mhaestieres,Marisa,Haestier,wQHsbL,mhaestieres@amazon.de,15:43:33.000,18:39:22.000,false,true
tgrabbamet,Teddy,Grabbam,jxsqSnl,tgrabbamet@hhs.gov,17:17:19.000,9:59:58.000,false,false
ndullinghameu,Nichole,Dullingham,q45Q4pJMb,ndullinghameu@51.la,2:59:05.000,15:38:49.000,true,true
amoylanev,Aubree,Moylan,cLru71zM,amoylanev@techcrunch.com,20:10:46.000,2:55:07.000,true,true
hmacguireew,Haley,Macguire,wp2TIwcqh,hmacguireew@4shared.com,20:08:06.000,13:31:54.000,false,false
kskerrattex,Kristofor,Skerratt,IYXyQSKZs,kskerrattex@multiply.com,19:50:34.000,0:13:10.000,false,true
eglentzey,Errol,Glentz,AVfmOuz,eglentzey@businessweek.com,0:53:08.000,9:30:14.000,false,false
mfallaez,Madelaine,Falla,O9eOv9sOOlGR,mfallaez@nba.com,1:16:09.000,2:04:17.000,true,true
fbaukhamf0,Flss,Baukham,4i4vfbnj,fbaukhamf0@weather.com,5:33:27.000,4:22:17.000,false,true
tcurrf1,Theda,Curr,Fk8emSz,tcurrf1@wired.com,16:13:21.000,11:17:23.000,false,true
clarnerf2,Carlynn,Larner,0NjmwqWg,clarnerf2@sina.com.cn,22:53:00.000,5:41:03.000,false,true
sphilpaultf3,Sauveur,Philpault,6wwZ4e,sphilpaultf3@stanford.edu,12:04:19.000,21:44:14.000,true,true
nmcloneyf4,Nobe,McLoney,RHswzwId3nrn,nmcloneyf4@cnet.com,3:24:22.000,7:50:46.000,true,true
tlavisf5,Thurston,Lavis,NKlLYPA3B,tlavisf5@exblog.jp,23:17:05.000,17:19:03.000,false,true
sdowderswellf6,Serene,Dowderswell,I4qIcBosX,sdowderswellf6@jiathis.com,9:11:28.000,10:46:00.000,true,false
dmaryskaf7,Dorita,Maryska,PN2oG7diq,dmaryskaf7@cnet.com,1:58:38.000,6:22:20.000,false,false
mnettif8,Mariann,Netti,rzv6wF5c,mnettif8@google.ca,9:03:15.000,7:41:09.000,true,false
afrankowskif9,Allie,Frankowski,ydWWLUe7,afrankowskif9@globo.com,14:21:32.000,21:19:12.000,false,false
ewolfitfa,Eryn,Wolfit,iGEauLwQX1W,ewolfitfa@merriam-webster.com,7:23:37.000,13:36:39.000,true,true
jmaplethorpfb,Jethro,Maplethorp,abLi1a,jmaplethorpfb@howstuffworks.com,0:04:19.000,0:16:25.000,false,false
mvofffc,Manuel,Voff,dQsqoO3,mvofffc@china.com.cn,9:47:59.000,14:36:09.000,true,true
pmowlesfd,Phillip,Mowles,rwQzjxN9sXz,pmowlesfd@princeton.edu,17:22:07.000,3:42:40.000,false,false
eharleyfe,Emery,Harley,wasvO5fH92Gm,eharleyfe@rambler.ru,5:11:52.000,23:54:50.000,true,true
ibusseyff,Ignacius,Bussey,JkaLkLyutwd,ibusseyff@uiuc.edu,7:23:51.000,0:18:51.000,true,true
astanelandfg,Andros,Staneland,Vgj7e5,astanelandfg@sohu.com,4:09:32.000,5:54:53.000,false,true
wgerishfh,Wylma,Gerish,ugnqGxsK,wgerishfh@whitehouse.gov,13:56:46.000,7:09:06.000,false,true
modohertyfi,Merwyn,O'Doherty,HgXuKX5QrOP,modohertyfi@edublogs.org,4:34:57.000,23:05:38.000,true,true
abywatersfj,Aldis,Bywaters,kFOE0rsWvL,abywatersfj@blogger.com,9:17:45.000,7:01:36.000,true,true
chansedfk,Cindie,Hansed,J5b6LWyTq,chansedfk@issuu.com,16:38:17.000,4:32:47.000,true,true
agreschfl,Agathe,Gresch,dUFLcNr,agreschfl@craigslist.org,3:22:48.000,0:05:27.000,false,true
atuffeyfm,Ari,Tuffey,akleqO,atuffeyfm@salon.com,22:54:58.000,13:10:29.000,false,true
wchappellefn,Waiter,Chappelle,o2Lf2eI5,wchappellefn@java.com,18:22:28.000,14:53:12.000,true,false
mgatehousefo,Marlena,Gatehouse,3qpfQGRmaN2S,mgatehousefo@sitemeter.com,2:02:48.000,23:34:15.000,true,true
tcasonfp,Tiphani,Cason,hL9n0Lwrz,tcasonfp@comcast.net,0:58:38.000,17:53:56.000,true,false
kdegogayfq,Karly,De Gogay,QOPIzPgC,kdegogayfq@paypal.com,3:15:59.000,4:40:10.000,true,true
acostellfr,Angelica,Costell,8OCYCBc,acostellfr@theglobeandmail.com,18:32:56.000,11:37:45.000,false,false
fmintofffs,Fabiano,Mintoff,LcY6fR,fmintofffs@wp.com,2:49:25.000,14:20:07.000,true,true
fcraceft,Fitzgerald,Crace,vupj0veqpVM,fcraceft@ihg.com,8:05:29.000,3:34:30.000,true,true
ddrennanfu,Doti,Drennan,AHbNMPw,ddrennanfu@apache.org,0:45:18.000,23:46:05.000,false,false
uplentyfv,Ulric,Plenty,842ikJ2ICq7,uplentyfv@xinhuanet.com,11:00:12.000,10:47:13.000,false,false
melegoodfw,Melva,Elegood,tL1yw9r4k,melegoodfw@apple.com,3:27:29.000,10:13:34.000,true,true
ktwamleyfx,Krissy,Twamley,51bpvEGv,ktwamleyfx@walmart.com,21:30:56.000,1:38:22.000,false,false
sspancockfy,Samaria,Spancock,FVyCmz8DG,sspancockfy@gmpg.org,21:04:49.000,19:40:23.000,false,false
yklemencicfz,Yolanda,Klemencic,q2CmiLYh7xlK,yklemencicfz@earthlink.net,19:28:47.000,9:58:29.000,true,false
tharmeg0,Thomasa,Harme,ietsDMP,tharmeg0@hubpages.com,11:53:20.000,11:23:08.000,false,true
jbroschekg1,Joleen,Broschek,9FmHllaN1RX,jbroschekg1@xrea.com,18:15:16.000,6:10:27.000,false,true
mmathouseg2,Mel,Mathouse,ZYGJczyr,mmathouseg2@e-recht24.de,0:09:14.000,22:42:37.000,false,false
cbrozekg3,Cleon,Brozek,U1X54jcGp,cbrozekg3@bloomberg.com,4:39:22.000,16:08:42.000,true,false
tboakesg4,Trenton,Boakes,gyx2lpyEQ,tboakesg4@angelfire.com,14:11:16.000,8:49:23.000,true,false
jdunicang5,Joane,Dunican,fUXROqEo,jdunicang5@imageshack.us,5:42:35.000,16:44:25.000,false,false
hbagbyg6,Halsy,Bagby,3xobWQjK,hbagbyg6@gnu.org,10:44:12.000,6:20:33.000,false,true
nfabryg7,Noellyn,Fabry,431zFv,nfabryg7@buzzfeed.com,19:46:04.000,4:13:21.000,false,true
btruslerg8,Borden,Trusler,8Kd75ba9S,btruslerg8@posterous.com,21:47:39.000,1:56:27.000,false,true
clofthouseg9,Carleton,Lofthouse,X45qNJ,clofthouseg9@discuz.net,6:01:48.000,12:20:43.000,false,false
earnelyga,Erhart,Arnely,FK8IDd4vIe,earnelyga@yahoo.co.jp,13:50:15.000,18:11:43.000,false,false
mrandlesomegb,Marieann,Randlesome,g1yhkLB3hhsF,mrandlesomegb@unc.edu,23:12:20.000,8:55:25.000,false,false
aolenanegc,Alwin,O'Lenane,adYaq7EZhdo,aolenanegc@paginegialle.it,3:02:21.000,18:39:05.000,false,false
sohallorangd,Sayre,O'Halloran,et4IVv,sohallorangd@wunderground.com,4:03:59.000,22:08:40.000,false,true
bgotlingge,Bourke,Gotling,MYMnAcPZ7,bgotlingge@cbsnews.com,4:19:43.000,0:03:41.000,false,false
mworlidgegf,Mannie,Worlidge,yXbDFd,mworlidgegf@vkontakte.ru,8:20:09.000,15:54:27.000,true,false
kharradencegg,Kristyn,Harradence,qIdKb0xf2,kharradencegg@usgs.gov,15:27:00.000,10:59:36.000,true,true
mcannangh,Mikael,Cannan,9XslJskRs,mcannangh@trellian.com,6:10:40.000,17:20:50.000,true,true
ccalafatogi,Conney,Calafato,91WBVnDB,ccalafatogi@microsoft.com,18:05:30.000,18:59:18.000,true,false
bemberygj,Bram,Embery,AztK3eEiHe,bemberygj@diigo.com,3:26:53.000,8:49:07.000,true,false
rtuveygk,Rhoda,Tuvey,bUW98hpo,rtuveygk@chronoengine.com,18:39:19.000,4:02:40.000,true,false
keasthamgl,Kristan,Eastham,nGC2ZD3lmXG,keasthamgl@usnews.com,1:51:52.000,6:52:04.000,true,true
asemeniukgm,Abdul,Semeniuk,pawamc1Ml,asemeniukgm@studiopress.com,11:49:47.000,16:44:21.000,false,false
osidgwickgn,Orren,Sidgwick,TE7No5RiDLsV,osidgwickgn@ted.com,4:05:56.000,18:33:17.000,false,true
sdupreego,Stacy,Dupree,2QjB7y,sdupreego@howstuffworks.com,15:52:12.000,6:57:40.000,false,true
qcoursgp,Quintus,Cours,3EHbY2WVa7K4,qcoursgp@webmd.com,0:43:04.000,9:58:28.000,false,true
mmarygq,Marshal,Mary,xx8dEqZ1n,mmarygq@theatlantic.com,1:01:22.000,1:10:33.000,true,false
fjochananygr,Ferrell,Jochanany,ijidxuS,fjochananygr@godaddy.com,20:58:07.000,19:13:34.000,true,false
bbairstowgs,Berky,Bairstow,e5RXx4IP,bbairstowgs@godaddy.com,18:41:39.000,14:18:03.000,false,true
abushegt,Alonzo,Bushe,XqWLds3rHS7O,abushegt@ebay.co.uk,2:26:50.000,6:04:54.000,false,true
gmiebesgu,Godard,Miebes,vc45yyfIKk,gmiebesgu@sina.com.cn,20:42:02.000,17:01:54.000,false,true
jmcateergv,Jeralee,McAteer,JAoYlI,jmcateergv@newyorker.com,12:14:36.000,15:37:00.000,true,true
balywingw,Barnabe,Alywin,GtpIuWGH,balywingw@example.com,9:46:52.000,17:16:11.000,true,true
hleggengx,Hendrika,Leggen,j0QujWQ0wB,hleggengx@cisco.com,5:45:36.000,1:58:30.000,false,false
asedworthgy,Aprilette,Sedworth,U7S2EV,asedworthgy@macromedia.com,10:32:25.000,9:26:31.000,false,true
ydeppengz,Yorgos,Deppen,Nnz8Xgf7Ixq,ydeppengz@businesswire.com,6:03:20.000,21:00:34.000,false,false
dhelioth0,Dieter,Heliot,36e1RK5m,dhelioth0@alibaba.com,20:57:53.000,18:19:35.000,true,false
ccapronh1,Clementia,Capron,9vhKH93,ccapronh1@topsy.com,3:55:53.000,19:55:22.000,false,false
cancellh2,Chris,Ancell,3MOEUxmdH,cancellh2@angelfire.com,6:02:08.000,13:50:24.000,false,true
lbeamsonh3,Lexi,Beamson,BwMVRLNBf,lbeamsonh3@ning.com,14:58:49.000,12:49:10.000,false,false
cgreenwayh4,Clarette,Greenway,bUbFg0gokQi,cgreenwayh4@furl.net,18:58:52.000,7:25:52.000,true,false
wissonh5,Winona,Isson,pYj8KBUsX,wissonh5@mysql.com,14:46:03.000,6:39:50.000,false,true
lmartinath6,Lorettalorna,Martinat,46RVXaCUk,lmartinath6@google.co.jp,10:59:25.000,21:39:03.000,false,true
clarimerh7,Crissie,Larimer,3KznSSYmp,clarimerh7@businessweek.com,9:38:32.000,5:22:00.000,true,true
kglasardh8,Kaitlynn,Glasard,1Q6HCfetP9,kglasardh8@jugem.jp,3:29:29.000,12:00:34.000,true,false
cbuardh9,Carolus,Buard,vWg0Cq,cbuardh9@auda.org.au,3:41:39.000,8:14:13.000,true,false
rridgerha,Rebekkah,Ridger,1M0ULWMsR,rridgerha@amazon.co.uk,15:51:44.000,17:22:42.000,true,false
kbondesenhb,Kitti,Bondesen,8Gc8IZky8E,kbondesenhb@va.gov,6:14:58.000,11:19:51.000,false,true
bsmothhc,Basia,Smoth,g0h5l6ALUe,bsmothhc@harvard.edu,3:13:55.000,19:57:04.000,true,false
cteekhd,Clive,Teek,NAT4B36JI,cteekhd@webeden.co.uk,10:00:20.000,13:51:53.000,false,false
mfayrehe,Malissia,Fayre,kfHIQB1ICRD,mfayrehe@huffingtonpost.com,1:23:11.000,2:56:42.000,true,true
osirmanhf,Orin,Sirman,51NzTUnTdPgg,osirmanhf@narod.ru,21:19:54.000,15:28:50.000,false,true
jpitfordhg,Juliann,Pitford,vMQuHXgKZkn,jpitfordhg@slate.com,3:27:45.000,16:53:08.000,true,false
kmatleyhh,Kevina,Matley,tEm4M25Arx,kmatleyhh@uiuc.edu,6:45:11.000,22:26:44.000,false,true
ethridgouldhi,Enrichetta,Thridgould,vyfDFnq2,ethridgouldhi@ftc.gov,15:56:32.000,22:09:19.000,true,true
nbrionhj,Nadia,Brion,mHVd3ewVar,nbrionhj@alexa.com,8:30:58.000,23:13:34.000,true,true
ocoldmanhk,Othello,Coldman,OHHiYD,ocoldmanhk@squarespace.com,9:00:11.000,23:45:08.000,true,false
bmcilwraithhl,Berton,McIlwraith,Ttb5Nsw,bmcilwraithhl@mayoclinic.com,15:24:48.000,21:41:55.000,true,true
acoughanhm,Artur,Coughan,j5M6YVio,acoughanhm@xinhuanet.com,22:47:25.000,11:40:38.000,true,true
ajansonhn,Abdel,Janson,K51iXlhuxJ,ajansonhn@twitpic.com,5:31:30.000,11:07:07.000,true,false
mfinniganho,Michaella,Finnigan,QohhBCSewTWX,mfinniganho@odnoklassniki.ru,17:58:50.000,1:56:26.000,false,true
cclemmenshp,Coriss,Clemmens,rBh1Aps,cclemmenshp@hc360.com,10:26:32.000,1:30:39.000,true,true
pcorbenhq,Packston,Corben,aaWB2hruV,pcorbenhq@angelfire.com,6:20:28.000,22:40:12.000,true,true
bericssenhr,Barbara,Ericssen,GLL7n3Nyfkkw,bericssenhr@nymag.com,8:45:58.000,18:22:36.000,true,true
astrattanhs,Aloisia,Strattan,L8dsi8RR,astrattanhs@go.com,21:02:43.000,1:21:59.000,true,true
rskipworthht,Robinson,Skipworth,1MgjrwMR,rskipworthht@alibaba.com,5:49:54.000,17:50:44.000,true,true
drockallhu,Dolly,Rockall,PUgzh9quoF,drockallhu@kickstarter.com,17:44:52.000,19:32:13.000,true,false
ckonzelhv,Charil,Konzel,QAhsPc9F,ckonzelhv@guardian.co.uk,7:06:32.000,22:18:44.000,true,true
kkohlerthw,Keriann,Kohlert,2twlG6ZGBN,kkohlerthw@alexa.com,2:31:32.000,7:00:18.000,true,false
eharnerhx,Edouard,Harner,rmSZO3w,eharnerhx@unc.edu,21:12:56.000,21:17:22.000,true,false
jtoplishy,Jinny,Toplis,bSET8j6N2,jtoplishy@ihg.com,10:46:54.000,8:46:19.000,false,true
gsunockhz,Gasparo,Sunock,M61HixYaf9,gsunockhz@army.mil,20:48:23.000,12:07:49.000,true,false
nmunnioni0,Neel,Munnion,1yP4xP,nmunnioni0@yandex.ru,1:40:48.000,23:53:29.000,false,true
mbirminghami1,Mireille,Birmingham,nBGsUq,mbirminghami1@forbes.com,9:32:03.000,21:51:31.000,false,true
wbennedicki2,Winnie,Bennedick,Pli38hW07b,wbennedicki2@webnode.com,16:35:11.000,18:33:40.000,false,false
qmageri3,Quentin,Mager,YVNewW,qmageri3@google.pl,4:00:58.000,5:39:29.000,false,true
ashawelli4,Arlette,Shawell,EtM6uRbH,ashawelli4@amazon.co.uk,12:44:19.000,7:09:20.000,true,true
lstucki5,Laureen,Stuck,n3nfrrUAEt,lstucki5@slashdot.org,12:35:28.000,19:57:04.000,false,false
gdallowayi6,Ginevra,Dalloway,4RNJgPHc34,gdallowayi6@jigsy.com,7:42:06.000,20:07:08.000,false,false
nledleyi7,Nolie,Ledley,OsWD4vm,nledleyi7@quantcast.com,18:02:35.000,18:47:06.000,true,false
jbewleyi8,Jori,Bewley,cKhTCEkAaK4,jbewleyi8@aol.com,9:33:25.000,3:58:17.000,true,false
gfillisi9,Gael,Fillis,EfP5D60,gfillisi9@forbes.com,21:56:23.000,17:09:17.000,false,false
eianilliia,Efrem,Ianilli,8iBBoJuUh,eianilliia@discovery.com,22:59:54.000,18:46:01.000,true,false
cfishwickib,Cyril,Fishwick,BY1O7AoGm,cfishwickib@techcrunch.com,0:49:12.000,2:58:36.000,true,true
dmackeigic,Darelle,MacKeig,7n8fyeFq,dmackeigic@deviantart.com,1:52:24.000,7:20:35.000,false,true
lmcgennisid,Lydia,McGennis,WF1CTYx0,lmcgennisid@joomla.org,1:14:22.000,16:38:13.000,true,false
lwhallie,Lisle,Whall,ZPJWYZ7iSm83,lwhallie@netlog.com,9:23:47.000,17:02:43.000,false,false
ndougherif,Nora,Dougher,SRJQ7fUj7,ndougherif@networksolutions.com,3:23:01.000,15:53:26.000,true,true
mminorsig,Moselle,Minors,1ZdxMM7aTJNt,mminorsig@techcrunch.com,6:34:49.000,22:28:54.000,true,false
rgiddensih,Rosanna,Giddens,B3Q8rcaak,rgiddensih@bigcartel.com,23:48:52.000,7:15:08.000,false,true
icaustonii,Issiah,Causton,yK7B1Q0neBC,icaustonii@soup.io,1:35:08.000,23:03:19.000,true,true
xhaggartyij,Ximenez,Haggarty,ExRScKavREm,xhaggartyij@oakley.com,23:48:47.000,6:58:35.000,false,false
aellesik,Adeline,Elles,8ZXwjWCc,aellesik@desdev.cn,15:41:27.000,0:18:30.000,false,true
gtassakeril,Gilberta,Tassaker,asNMkQ3,gtassakeril@ustream.tv,14:08:26.000,14:22:51.000,false,false
nsloperim,Nestor,Sloper,V1iab11C3tg,nsloperim@cdbaby.com,10:53:09.000,10:22:43.000,true,true
nhopferin,Niels,Hopfer,hwMnPvPVIQ,nhopferin@miitbeian.gov.cn,20:24:07.000,7:06:33.000,true,false
sallridgeio,Sterne,Allridge,DK59C3u,sallridgeio@webnode.com,23:30:50.000,23:29:56.000,false,true
sjinkinip,Shalna,Jinkin,XABjuZ2d60TD,sjinkinip@jugem.jp,5:10:37.000,17:26:09.000,false,true
kvequeiq,Karoly,Veque,hYuTcd1,kvequeiq@mapquest.com,23:11:59.000,2:51:11.000,true,false
cdemageardir,Cherianne,Demageard,6Q0R8jN2t,cdemageardir@simplemachines.org,12:20:12.000,11:54:57.000,false,false
smacellenis,Sari,MacEllen,LMcImPVHq,smacellenis@geocities.com,7:35:53.000,6:11:57.000,true,true
eplaxtonit,Erinn,Plaxton,4OW6uz6,eplaxtonit@google.com.br,19:07:31.000,7:05:28.000,true,true
smcelmurrayiu,Sandor,McElmurray,q4BBHpMGh,smcelmurrayiu@instagram.com,15:47:45.000,8:18:42.000,false,false
scurstoniv,Sauveur,Curston,BUKC76,scurstoniv@unc.edu,10:38:09.000,0:02:46.000,true,false
dmounceiw,Damon,Mounce,Ks8sPoG4U,dmounceiw@pen.io,17:04:13.000,14:37:05.000,true,true
glintillix,Gabey,Lintill,53e1K8cNb,glintillix@google.co.uk,12:13:00.000,15:59:19.000,false,false
lcracoeiy,Lizette,Cracoe,F4I9HE8,lcracoeiy@timesonline.co.uk,0:51:31.000,9:06:41.000,false,true
zduckinfieldiz,Zack,Duckinfield,ZjzLKocJLU,zduckinfieldiz@canalblog.com,4:21:54.000,15:23:52.000,false,false
kbesekej0,Kienan,Beseke,h41EkAmuC,kbesekej0@chronoengine.com,15:19:52.000,14:50:41.000,false,false
cberrisfordj1,Clem,Berrisford,X3Vali,cberrisfordj1@ovh.net,7:55:09.000,16:36:42.000,true,true
chawkridgej2,Calla,Hawkridge,VyAc2e,chawkridgej2@ca.gov,7:03:52.000,12:19:37.000,false,true
llampettj3,Lind,Lampett,zwawKO6Td,llampettj3@networkadvertising.org,19:18:27.000,7:30:28.000,false,true
irushbyj4,Isaiah,Rushby,SmyZS3OHt6k,irushbyj4@topsy.com,16:25:49.000,4:48:44.000,false,true
gjewerj5,Griffie,Jewer,sOnTjkXtz95,gjewerj5@mozilla.com,22:58:23.000,7:07:27.000,true,false
etremellanj6,Elmo,Tremellan,oyuuGTT6prL,etremellanj6@globo.com,9:22:05.000,20:43:01.000,false,true
evannsj7,Erhard,Vanns,ehvFsEWLin,evannsj7@so-net.ne.jp,18:26:55.000,15:27:01.000,true,false
lmiettinenj8,Lilith,Miettinen,hbBS4xbqx,lmiettinenj8@elpais.com,6:26:40.000,6:03:42.000,true,false
gpoyntonj9,Guntar,Poynton,PjdlFvmchF,gpoyntonj9@shareasale.com,1:50:44.000,0:07:56.000,false,false
hlaysonja,Hammad,Layson,W2YOLbk,hlaysonja@ucsd.edu,1:52:13.000,15:07:31.000,true,false
estroobantjb,Evita,Stroobant,BToUnF,estroobantjb@globo.com,13:25:57.000,6:50:25.000,false,true
rocrowleyjc,Roanna,O'Crowley,UuAOyvs,rocrowleyjc@washingtonpost.com,15:04:11.000,18:49:54.000,false,true
vletfordjd,Vanda,Letford,MfE3tGiQi,vletfordjd@slideshare.net,21:35:24.000,17:05:48.000,false,true
aadamovitzje,Alphard,Adamovitz,5wFQTnl,aadamovitzje@guardian.co.uk,19:46:39.000,2:55:08.000,false,true
saberhartjf,Shelton,Aberhart,KumeJVLNJXuo,saberhartjf@eepurl.com,10:33:22.000,2:15:14.000,false,false
hpulmanjg,Hatti,Pulman,IKq1pd4,hpulmanjg@seesaa.net,5:06:21.000,21:01:34.000,false,true
ahenricjh,Augustine,Henric,AlxcOfFhy,ahenricjh@homestead.com,10:43:57.000,11:42:40.000,true,false
lweissji,Leighton,Weiss,lKySI5WS5tl,lweissji@netlog.com,19:49:45.000,11:35:26.000,true,false
idelmontijj,Imogene,Delmonti,gJEDU8YDR,idelmontijj@jalbum.net,22:10:38.000,5:53:13.000,true,true
gswatmanjk,Gideon,Swatman,VY0airEv,gswatmanjk@goo.gl,6:23:31.000,17:39:43.000,false,false
gcaneojl,Garfield,Caneo,1n0pBM3dU,gcaneojl@pcworld.com,1:05:00.000,1:50:31.000,false,false
vconcannonjm,Vonny,Concannon,wGECjj,vconcannonjm@time.com,1:25:47.000,18:47:24.000,false,true
mabelljn,Massimo,Abell,c7Rao9aH,mabelljn@slate.com,23:21:31.000,2:18:55.000,false,false
survoyjo,Simeon,Urvoy,Ooyo3ruszd,survoyjo@yolasite.com,12:28:58.000,18:35:39.000,true,true
ncastanjp,Nanine,Castan,UW4C2vJ,ncastanjp@bloomberg.com,16:39:53.000,9:18:19.000,true,false
hwaddiejq,Hansiain,Waddie,XNS7ZKgw8,hwaddiejq@google.com,7:01:05.000,9:01:34.000,false,true
mpeacopjr,Martainn,Peacop,iNZEFAMCf9G,mpeacopjr@vimeo.com,22:41:35.000,7:02:35.000,false,true
jegdelljs,Juliane,Egdell,RQilfUV8S,jegdelljs@intel.com,18:30:20.000,8:20:22.000,true,false
rrolphjt,Rosella,Rolph,hySEAai8Hh,rrolphjt@meetup.com,12:23:15.000,23:28:42.000,false,true
ecounterju,Elset,Counter,mr9eTf,ecounterju@seattletimes.com,13:19:07.000,13:46:08.000,false,true
mbernardinellijv,Maribeth,Bernardinelli,9eBOhG21fg,mbernardinellijv@cpanel.net,9:49:07.000,0:43:49.000,false,true
pmityashinjw,Patsy,Mityashin,T43ySwim0K3,pmityashinjw@yolasite.com,5:37:07.000,3:42:24.000,true,false
ccheatlejx,Corny,Cheatle,XYLG9K0MoP,ccheatlejx@sakura.ne.jp,7:18:02.000,3:42:19.000,true,false
gphilcockjy,Glynda,Philcock,gYrOD8GoWL,gphilcockjy@cpanel.net,17:45:27.000,9:40:07.000,true,false
bfurlongejz,Benoit,Furlonge,bkCOrmJK,bfurlongejz@google.ca,12:25:53.000,22:18:25.000,false,false
amellork0,Antin,Mellor,CCmr3a3v,amellork0@biblegateway.com,1:46:17.000,7:28:10.000,false,true
sfoleyk1,Shauna,Foley,4Cfmdz,sfoleyk1@tinypic.com,8:57:25.000,23:30:53.000,true,true
zalleynek2,Zia,Alleyne,7wDxF8,zalleynek2@jigsy.com,15:03:00.000,6:33:14.000,false,true
mchasmerk3,Mame,Chasmer,tH97Ce,mchasmerk3@alexa.com,1:39:42.000,4:41:59.000,false,false
ccorragank4,Chicky,Corragan,pbfXkKBfm,ccorragank4@nymag.com,19:26:26.000,8:53:33.000,false,true
swharbyk5,Simeon,Wharby,ed8JHW9L4GHw,swharbyk5@reference.com,10:04:15.000,10:08:56.000,true,true
esaltmarshk6,Emmaline,Saltmarsh,XBEeTf,esaltmarshk6@ustream.tv,21:20:50.000,9:59:52.000,false,false
nlawlyk7,Nessie,Lawly,SDtjpaZePQ,nlawlyk7@nps.gov,15:37:13.000,5:28:26.000,false,false
edommettk8,Edith,Dommett,GC5wZiXnr0,edommettk8@skype.com,7:22:54.000,21:15:35.000,true,true
lmanilowk9,Leyla,Manilow,KET7tfKcsD,lmanilowk9@de.vu,21:26:34.000,1:58:13.000,true,false
hbrickka,Horace,Brick,xDhq0hIZJ0Lm,hbrickka@google.pl,4:58:48.000,16:28:23.000,true,false
dfinderkb,Daren,Finder,vrIJWKV,dfinderkb@google.ru,3:25:52.000,16:33:39.000,true,false
bbennskc,Brantley,Benns,HDxXPol0,bbennskc@wikia.com,15:23:53.000,7:38:57.000,true,true
rortellkd,Roze,Ortell,EH2fkS,rortellkd@blogtalkradio.com,0:59:39.000,9:11:22.000,false,false
smetzigke,Sandor,Metzig,NBP9Us73,smetzigke@engadget.com,23:11:41.000,15:48:42.000,false,true
slideardkf,Sean,Lideard,Q4MjKb9t,slideardkf@columbia.edu,15:11:13.000,12:03:04.000,false,true
dgiddinskg,Damian,Giddins,dcQ3gUdL,dgiddinskg@walmart.com,11:21:22.000,22:38:52.000,false,false
rlivesaykh,Rockwell,Livesay,qE10PXkf,rlivesaykh@ft.com,18:58:44.000,8:34:19.000,true,true
ebatropki,Eric,Batrop,TQCCAezKda,ebatropki@hc360.com,1:37:26.000,11:15:00.000,false,false
agoreisrkj,Abner,Goreisr,IedpCBfT8H,agoreisrkj@jimdo.com,9:06:24.000,0:25:48.000,false,true
jtarbardkk,Joelle,Tarbard,WUlZlWHOH8,jtarbardkk@51.la,9:17:17.000,8:00:12.000,true,false
gbahlmannkl,Glen,Bahlmann,k7z6HkHfd,gbahlmannkl@so-net.ne.jp,13:36:41.000,9:12:48.000,true,true
pmacneachtainkm,Pavel,MacNeachtain,QYh67sGh0,pmacneachtainkm@miitbeian.gov.cn,13:40:27.000,11:18:58.000,false,false
tmenlovekn,Tabbatha,Menlove,RXAlGpk,tmenlovekn@deliciousdays.com,8:53:13.000,1:00:45.000,false,true
lfrickko,Leia,Frick,KQ3eb96,lfrickko@wikia.com,20:10:52.000,8:46:04.000,false,false
mchalcraftkp,Miguelita,Chalcraft,eowfo5ccy,mchalcraftkp@zdnet.com,14:37:47.000,5:50:25.000,false,false
acowankq,Agnella,Cowan,i80FB5Xw,acowankq@netlog.com,9:14:56.000,16:42:58.000,false,true
lfordhamkr,Leonelle,Fordham,B5CKcMYKqcue,lfordhamkr@stanford.edu,10:31:21.000,16:29:27.000,true,true
lrambleks,Licha,Ramble,6gMox4JPXq,lrambleks@marketwatch.com,1:20:56.000,16:44:22.000,false,false
bbonfieldkt,Bartlett,Bonfield,lcxNkhnjEhl,bbonfieldkt@aboutads.info,14:08:35.000,7:21:25.000,false,true
vnunnerleyku,Valery,Nunnerley,3JWx4U4Dyb,vnunnerleyku@hao123.com,15:56:37.000,19:02:56.000,true,false
jfeldhornkv,Johnny,Feldhorn,EX8ZGU5C,jfeldhornkv@nationalgeographic.com,14:22:32.000,17:20:39.000,true,false
phosburnkw,Parker,Hosburn,ognoDt7TL,phosburnkw@abc.net.au,6:06:33.000,22:30:37.000,true,false
lpostenkx,Lance,Posten,kehYC8CD,lpostenkx@jigsy.com,12:30:43.000,2:24:16.000,false,true
dlervenky,Dina,Lerven,qYrKTRe2WzTG,dlervenky@reuters.com,21:24:53.000,0:05:42.000,false,false
wsimkisskz,Warde,Simkiss,LE0PKbDBT,wsimkisskz@fc2.com,12:24:02.000,4:51:40.000,true,true
lrannl0,Lonnie,Rann,i4ckfPSPIhk,lrannl0@google.cn,16:56:04.000,12:54:35.000,true,true
ccottilll1,Calli,Cottill,0uRe6f4,ccottilll1@scientificamerican.com,8:34:32.000,17:02:06.000,false,true
gwallbanksl2,Gregorius,Wallbanks,3v5B1Jwsv9v,gwallbanksl2@ameblo.jp,19:44:39.000,23:00:19.000,true,false
tstemsonl3,Tiena,Stemson,T0vr9T,tstemsonl3@google.es,9:36:23.000,17:16:14.000,false,false
dlinkletl4,Devin,Linklet,RBph3JpfwAA,dlinkletl4@creativecommons.org,6:52:38.000,15:33:39.000,false,false
jfetherbyl5,Jud,Fetherby,bgX5RyZ3yeyw,jfetherbyl5@cam.ac.uk,1:56:37.000,23:48:18.000,false,true
hrowetl6,Hasty,Rowet,ZgF1uY9138wy,hrowetl6@usda.gov,12:01:34.000,11:08:43.000,false,true
rrapinettl7,Rodina,Rapinett,6F9WNI,rrapinettl7@soundcloud.com,11:42:39.000,23:54:54.000,false,true
cwhetherl8,Chadd,Whether,wvRmMv,cwhetherl8@huffingtonpost.com,9:01:21.000,14:31:18.000,true,true
gkillbyl9,Gallard,Killby,AHVGMdnuW3JL,gkillbyl9@google.it,20:28:35.000,22:38:12.000,false,false
dgarnla,Donia,Garn,dcaTGtboz2,dgarnla@blogs.com,10:02:57.000,8:52:45.000,false,true
nworhamlb,Nissa,Worham,ScR3ZqcOmmuo,nworhamlb@yellowbook.com,7:25:01.000,3:02:53.000,false,true
lcarrelllc,Lisa,Carrell,mKxwI7mB,lcarrelllc@shutterfly.com,20:40:14.000,6:57:09.000,true,true
lonolanld,Levy,O'Nolan,UKtUXKujX,lonolanld@craigslist.org,19:54:33.000,23:15:53.000,false,false
dambrosettile,Darcy,Ambrosetti,VbJFkyEAxAE6,dambrosettile@walmart.com,1:57:29.000,14:41:33.000,true,true
akuhndellf,Ainslie,Kuhndel,ZgdERfmv,akuhndellf@who.int,7:48:32.000,10:34:42.000,false,true
cdrawmerlg,Carie,Drawmer,y5SewNF0I,cdrawmerlg@networksolutions.com,19:50:11.000,13:27:18.000,true,false
afontelh,Adler,Fonte,h29CN3uD,afontelh@trellian.com,16:49:21.000,22:13:56.000,false,true
ebedenli,Emmy,Beden,vfb0fqU,ebedenli@jimdo.com,2:47:23.000,14:43:10.000,false,true
dsappelllj,Demetris,Sappell,oyfaN1Wfe5i,dsappelllj@taobao.com,13:42:43.000,6:25:30.000,true,true
dranbylk,Dalton,Ranby,sJFV5xj3L,dranbylk@buzzfeed.com,5:25:52.000,18:21:25.000,false,false
cstegglesll,Cristabel,Steggles,UCFMWNqBc,cstegglesll@bloomberg.com,12:26:59.000,22:32:24.000,false,true
sramalm,Shirline,Rama,ceeemCgvRT,sramalm@mlb.com,6:13:44.000,1:43:34.000,true,false
sdrabbleln,Susann,Drabble,pxRICiNG1FLU,sdrabbleln@ucla.edu,7:05:47.000,23:08:28.000,false,false
cgauldlo,Charissa,Gauld,eUCfun8vHWV3,cgauldlo@biblegateway.com,3:05:53.000,1:31:34.000,true,true
eclynelp,Erminia,Clyne,s2fF6urzXi5,eclynelp@hc360.com,8:14:55.000,18:22:52.000,true,true
xsutheranlq,Xenia,Sutheran,4Kdze1nS,xsutheranlq@ameblo.jp,10:15:08.000,1:45:07.000,false,true
bpeerlr,Bel,Peer,NRitxOB,bpeerlr@wufoo.com,19:31:35.000,16:34:24.000,false,false
amennithorpls,Angelica,Mennithorp,6MRmmyu,amennithorpls@imageshack.us,8:09:35.000,1:59:29.000,true,true
mbasnettlt,Meg,Basnett,rOh9r20DwGxJ,mbasnettlt@admin.ch,8:46:38.000,8:14:08.000,false,false
kritchardlu,Kristi,Ritchard,aNhmKHXkO0eT,kritchardlu@twitter.com,13:40:08.000,0:26:23.000,true,true
gcamuslv,Goddard,Camus,MZnGeEdRR,gcamuslv@vinaora.com,22:36:49.000,17:26:20.000,true,false
myendlelw,Marys,Yendle,2m4LFprCcwx8,myendlelw@house.gov,14:30:15.000,6:19:02.000,false,true
gmearnslx,Gran,Mearns,ky7iWU9I,gmearnslx@google.com.br,0:01:15.000,15:20:17.000,false,true
jmathanly,Jarvis,Mathan,aCWKCul,jmathanly@deviantart.com,3:35:47.000,13:15:21.000,true,false
bsvanettilz,Bettina,Svanetti,nbmIbngbhDv,bsvanettilz@pinterest.com,4:27:08.000,23:02:03.000,false,false
rriddifordm0,Rupert,Riddiford,rNbZ4Rv62,rriddifordm0@techcrunch.com,0:42:20.000,22:46:35.000,false,true
imarrillm1,Irma,Marrill,CREOIi4Q9,imarrillm1@businessweek.com,21:00:42.000,15:56:50.000,false,false
kmarrillm2,Karilynn,Marrill,1SGXDh,kmarrillm2@state.tx.us,6:36:57.000,22:21:21.000,true,false
lhamilm3,Lyndsey,Hamil,cGDsCVo,lhamilm3@blog.com,1:20:19.000,12:57:08.000,false,true
baugustusm4,Bryce,Augustus,vkEBxo5r6,baugustusm4@harvard.edu,0:16:08.000,10:07:51.000,true,true
kalamm5,Kienan,Alam,RZ8drg5KOQ,kalamm5@businessinsider.com,8:12:40.000,5:03:23.000,false,false
alorrainm6,Alford,Lorrain,WLEgJ7,alorrainm6@cornell.edu,15:40:28.000,6:40:22.000,false,true
lstarrm7,Letti,Starr,VojoXHaYe,lstarrm7@umn.edu,16:15:42.000,8:03:11.000,true,false
apalerm8,Archibold,Paler,MQabehGDWlk,apalerm8@feedburner.com,6:23:42.000,16:19:48.000,false,true
qdowbekinm9,Quinn,Dowbekin,n1OKrkeaNVV,qdowbekinm9@soundcloud.com,5:31:43.000,10:42:04.000,true,false
ebrunma,Elenore,Brun,lbims9,ebrunma@amazon.com,9:59:14.000,23:11:57.000,false,true
rkobpacmb,Rhodia,Kobpac,RAk5dpW54Xzn,rkobpacmb@earthlink.net,17:49:02.000,16:29:59.000,true,false
gpomfreymc,Gifford,Pomfrey,23pb6D7ByQ,gpomfreymc@dot.gov,10:20:48.000,21:58:29.000,true,false
nmeneermd,Nicolais,Meneer,sOAU8Z5,nmeneermd@deliciousdays.com,5:55:45.000,1:23:47.000,false,false
rsisnettme,Regina,Sisnett,ksbP1beF,rsisnettme@weibo.com,21:40:25.000,8:03:23.000,false,true
bjoyntmf,Berti,Joynt,IxlGmts6,bjoyntmf@bluehost.com,18:20:40.000,7:06:30.000,false,true
kbalmadiermg,Kimble,Balmadier,zReLgi8Eu,kbalmadiermg@cam.ac.uk,22:22:32.000,3:12:04.000,true,false
kmcconwaymh,Kippie,McConway,DysePWj8,kmcconwaymh@indiegogo.com,11:33:23.000,8:47:02.000,true,false
gmarkussenmi,Goober,Markussen,ipc1HNaf,gmarkussenmi@nytimes.com,7:54:50.000,15:47:11.000,true,true
cbrasonmj,Carolin,Brason,DbfjBAW,cbrasonmj@weather.com,5:00:54.000,2:16:37.000,false,true
jfilasovmk,Josiah,Filasov,Wub5i7Y5CA,jfilasovmk@google.cn,22:36:25.000,16:28:56.000,true,false
lmccheyneml,Lemar,McCheyne,LnVdSycdwXN,lmccheyneml@uiuc.edu,16:08:56.000,12:51:35.000,true,false
mgrandinmm,Maryellen,Grandin,EFd8gk,mgrandinmm@last.fm,12:56:57.000,17:44:03.000,false,false
fodonohoemn,Franchot,O' Donohoe,Ytb4uw,fodonohoemn@wisc.edu,1:49:08.000,13:47:49.000,false,false
rchattersmo,Roxanna,Chatters,qMQs6I703Q,rchattersmo@youtu.be,18:04:44.000,3:16:38.000,false,true
xaronoffmp,Xerxes,Aronoff,JxUsbUw,xaronoffmp@archive.org,18:15:39.000,22:59:58.000,false,false
kfawcknermq,Krishnah,Fawckner,Q4G6OM6svIq,kfawcknermq@reverbnation.com,3:57:19.000,0:07:44.000,false,true
kdantuonimr,Karry,D'Antuoni,RwKKOcwwDD,kdantuonimr@com.com,23:34:31.000,20:44:20.000,false,false
fventumms,Flossie,Ventum,HMQ9XBc9ZPV,fventumms@ovh.net,0:10:20.000,19:28:53.000,false,true
asabbenmt,Alanson,Sabben,Iz83qikq,asabbenmt@state.gov,18:39:54.000,19:35:09.000,true,true
seymormu,Sharron,Eymor,o0LpaPa,seymormu@nature.com,1:41:37.000,16:56:52.000,false,true
hbrammallmv,Hugh,Brammall,smUrE3Eie1v,hbrammallmv@github.com,23:46:53.000,22:17:48.000,false,false
qrubinovitschmw,Quincey,Rubinovitsch,A08gayydOK,qrubinovitschmw@cornell.edu,21:48:55.000,0:45:17.000,false,false
mraspisonmx,Marthe,Raspison,X4UwmH2DGjE,mraspisonmx@usgs.gov,10:23:42.000,6:46:56.000,false,false
ecoultassmy,Elisa,Coultass,r705s7sPvz,ecoultassmy@posterous.com,5:01:31.000,18:58:01.000,false,true
sgenterymz,Sigismundo,Gentery,IFlHxnc,sgenterymz@hugedomains.com,5:58:03.000,1:03:35.000,true,true
shaskinsn0,Symon,Haskins,Cp7qkeW,shaskinsn0@huffingtonpost.com,21:45:03.000,21:19:38.000,true,true
vphipardshearsn1,Valaria,Phipard-Shears,ZRWppHv,vphipardshearsn1@cyberchimps.com,17:36:51.000,7:43:43.000,false,true
oesbrookn2,Olva,Esbrook,CDmhWMa8Lnl,oesbrookn2@dailymail.co.uk,6:50:51.000,4:34:18.000,false,false
csegebrechtn3,Carmita,Segebrecht,ykVM8gqyA6,csegebrechtn3@arizona.edu,6:48:28.000,23:52:03.000,false,false
flincken4,Florian,Lincke,Tctfdu12,flincken4@kickstarter.com,16:15:03.000,16:21:29.000,false,true
mtinklern5,Muire,Tinkler,VB7NXQ8,mtinklern5@unesco.org,17:19:44.000,14:38:14.000,true,false
zaberdeinn6,Zola,Aberdein,AKwjAqPQKqJ,zaberdeinn6@google.com.au,18:54:12.000,2:39:39.000,false,true
nmacclenann7,Norry,MacClenan,EDp5AEuGg,nmacclenann7@constantcontact.com,10:28:21.000,20:53:55.000,true,true
fsimeonen8,Fredericka,Simeone,gRKsjNOi,fsimeonen8@cargocollective.com,22:45:57.000,11:16:41.000,false,false
teverettn9,Thorvald,Everett,5GOxcn,teverettn9@fotki.com,13:39:10.000,7:00:16.000,false,false
ddowreyna,Devan,Dowrey,xRuR9UdRhJj0,ddowreyna@state.tx.us,20:48:51.000,4:08:18.000,true,true
cspearsnb,Corissa,Spears,VSVWOvw0,cspearsnb@ftc.gov,10:27:38.000,12:34:27.000,false,false
mdelacinc,Mal,De Laci,GPoBj5TdmPus,mdelacinc@cisco.com,21:45:23.000,16:06:41.000,true,true
bvasyukovnd,Bernelle,Vasyukov,l6auXkY,bvasyukovnd@wordpress.com,2:32:16.000,3:57:06.000,false,true
rloachene,Rosco,Loache,8NLVxEt,rloachene@angelfire.com,20:58:47.000,16:56:06.000,false,false
jelcombnf,Jerrylee,Elcomb,ck7W5P8QPVXB,jelcombnf@tuttocitta.it,10:29:23.000,19:46:39.000,false,true
jbreckwellng,Jennie,Breckwell,1aMCKXqyCok,jbreckwellng@yelp.com,6:42:07.000,0:32:39.000,false,true
sjanuszewicznh,Sonnie,Januszewicz,gSZQm5LWSfN0,sjanuszewicznh@instagram.com,2:50:51.000,10:11:36.000,true,true
dsorrelni,Dennis,Sorrel,7tNW2BY1IM,dsorrelni@4shared.com,2:41:42.000,17:23:28.000,true,true
cheatheringtonnj,Clementia,Heatherington,rvLNCCqZfT,cheatheringtonnj@google.fr,21:53:59.000,10:45:16.000,false,false
bperillonk,Bertine,Perillo,Q4t1IwKs7,bperillonk@yahoo.com,8:44:06.000,19:51:41.000,true,false
ahorrigannl,Alexandrina,Horrigan,CU8kJGln6ghu,ahorrigannl@g.co,20:31:03.000,9:14:06.000,false,true
bkesonnm,Beatriz,Keson,Vo3ufYe,bkesonnm@merriam-webster.com,19:22:43.000,11:31:46.000,true,true
tsebirenn,Thomas,Sebire,tPRqX0,tsebirenn@nbcnews.com,3:39:47.000,20:13:53.000,false,false
ivanichkinno,Ignazio,Vanichkin,kT0FbJapD,ivanichkinno@alibaba.com,22:08:24.000,22:06:47.000,true,false
ecraftsnp,Elaine,Crafts,IEYOlQNI,ecraftsnp@cbslocal.com,9:24:07.000,14:20:23.000,true,true
jwadesworthnq,Jermaine,Wadesworth,iaPFnaV6RRu2,jwadesworthnq@state.tx.us,11:47:08.000,9:33:23.000,true,false
gbouldnr,Giuditta,Bould,SODMf91RDfr0,gbouldnr@elegantthemes.com,7:12:47.000,15:43:06.000,false,true
smcgarrahanns,Sonny,McGarrahan,Gy142Kzu,smcgarrahanns@mail.ru,16:15:07.000,12:08:15.000,true,true
sroncint,Staffard,Ronci,qjviByUcl,sroncint@list-manage.com,20:48:00.000,17:15:18.000,false,false
bmappnu,Brendis,Mapp,1PoHOq,bmappnu@github.com,17:29:31.000,7:39:32.000,false,false
tsainernv,Tiffanie,Sainer,aVOw5D,tsainernv@ucla.edu,15:43:05.000,20:09:29.000,true,false
jnowlannw,Jamill,Nowlan,v8ayE3,jnowlannw@privacy.gov.au,0:58:29.000,5:16:27.000,true,false
abraneynx,Alvan,Braney,dhqJwDOt,abraneynx@imageshack.us,17:48:35.000,7:48:18.000,false,true
netheringtonny,Nikki,Etherington,6L4DbaxoF,netheringtonny@cdc.gov,2:51:03.000,0:13:18.000,true,false
vbigadikenz,Val,Bigadike,N96DxjV,vbigadikenz@nps.gov,2:02:45.000,16:19:20.000,false,false
jmauchleno0,Janka,Mauchlen,S9TUnoLYlazx,jmauchleno0@goo.gl,13:18:21.000,9:45:56.000,true,false
kkurtono1,Keene,Kurton,dZHRnM0g,kkurtono1@rakuten.co.jp,0:38:09.000,14:16:18.000,true,false
ccordeleto2,Charmine,Cordelet,ZSwE7yxZRiaL,ccordeleto2@ucla.edu,0:32:42.000,0:40:29.000,true,false
tcanacotto3,Tamera,Canacott,JyPWzgc,tcanacotto3@jalbum.net,15:34:35.000,23:52:44.000,false,true
dbexleyo4,Derby,Bexley,QpIQr6Gwh,dbexleyo4@cisco.com,11:12:06.000,7:45:59.000,false,false
mhonnano5,Maddalena,Honnan,fUJMkHj,mhonnano5@posterous.com,22:54:34.000,22:35:57.000,true,false
lbudleigho6,Lynnette,Budleigh,6UJU97sSbqb,lbudleigho6@bloomberg.com,9:57:55.000,23:29:46.000,false,true
muttingo7,Mathew,Utting,bP0FGesd8l,muttingo7@phoca.cz,18:48:09.000,7:56:37.000,false,true
rmaulkino8,Rowney,Maulkin,vhCgAwW5,rmaulkino8@ycombinator.com,17:35:48.000,5:37:14.000,false,true
dmatschkeo9,Deonne,Matschke,8HFg5I4P,dmatschkeo9@apple.com,16:53:09.000,19:29:04.000,false,false
egalpenoa,Eleanora,Galpen,haVH5sQcV5,egalpenoa@4shared.com,11:21:58.000,15:20:46.000,false,false
rgoldsworthyob,Raff,Goldsworthy,exECyc0hZnKe,rgoldsworthyob@jugem.jp,23:34:28.000,17:20:52.000,false,true
alaurentoc,Ara,Laurent,g01lQOw1,alaurentoc@sitemeter.com,16:47:11.000,15:57:37.000,false,true
avoasod,Aksel,Voas,qjBdAtRfn4E,avoasod@51.la,16:19:27.000,17:40:34.000,true,true
fsaltreseoe,Franklyn,Saltrese,3zJerSK,fsaltreseoe@spiegel.de,21:51:01.000,17:27:14.000,true,false
fchippsof,Faustine,Chipps,C7YApdqpgF,fchippsof@businessinsider.com,2:30:40.000,4:49:56.000,true,false
cdelahuntyog,Candra,Delahunty,xFY3s7vKMV6,cdelahuntyog@pen.io,11:45:11.000,22:34:25.000,false,false
fmoncreiffeoh,Forster,Moncreiffe,2wVBlA,fmoncreiffeoh@newsvine.com,18:21:47.000,23:57:49.000,false,false
jbarsbyoi,Joyan,Barsby,JJbsTLpmb,jbarsbyoi@clickbank.net,12:42:05.000,12:57:55.000,false,false
nisackoj,Nicolais,Isack,GsJYF3Ld3d,nisackoj@about.me,5:32:56.000,19:19:25.000,false,true
pwakenshawok,Phillipp,Wakenshaw,DeIFd2ML,pwakenshawok@1und1.de,14:49:34.000,18:27:28.000,false,true
wdovidaitisol,Willamina,Dovidaitis,Elsx6DL833Q,wdovidaitisol@behance.net,13:41:26.000,1:06:28.000,true,false
cpeterom,Cordelie,Peter,2rf39j,cpeterom@a8.net,10:01:15.000,3:56:35.000,false,false
mforgieon,Marcel,Forgie,7pJlw1U,mforgieon@reddit.com,3:00:28.000,11:32:40.000,false,true
llioneloo,Lianna,Lionel,nqAIw5EX,llioneloo@hatena.ne.jp,3:01:57.000,17:11:10.000,false,false
lhearleop,Luciano,Hearle,6IktH92FvxA8,lhearleop@cargocollective.com,22:52:51.000,12:58:18.000,true,true
csanciasoq,Cathleen,Sancias,uH0CNgFF9c,csanciasoq@vk.com,6:25:22.000,16:48:45.000,false,false
ethompsonor,Elora,Thompson,fsV1Hu,ethompsonor@com.com,6:43:16.000,11:20:46.000,true,true
wlenardos,Wit,Lenard,ixW8TqqcIa,wlenardos@nps.gov,20:58:05.000,22:13:58.000,true,false
orunniclesot,Olive,Runnicles,OthdNwer7nZ,orunniclesot@wufoo.com,18:07:44.000,22:39:44.000,false,true
eblampiedou,Evin,Blampied,xqb1az,eblampiedou@omniture.com,14:46:00.000,5:02:45.000,false,true
gbeechcraftov,Georgiana,Beechcraft,QVmqjE44G6Fh,gbeechcraftov@csmonitor.com,23:03:20.000,5:40:13.000,false,false
mmesshamow,Mikkel,Messham,0xk7Q6OLyC6O,mmesshamow@odnoklassniki.ru,21:11:51.000,10:31:24.000,true,true
hrozalskiox,Hillel,Rozalski,DKyaFeE5lt,hrozalskiox@w3.org,14:26:20.000,18:15:52.000,true,true
ppopelayoy,Pennie,Popelay,3RSatNBR,ppopelayoy@lulu.com,1:39:03.000,22:07:17.000,true,false
rpanneroz,Raine,Panner,iTdQYfA9ye,rpanneroz@seesaa.net,2:01:28.000,5:55:23.000,false,false
marnaudetp0,Muffin,Arnaudet,1NiPIJ,marnaudetp0@photobucket.com,5:25:38.000,15:55:20.000,false,false
cdutnellp1,Corby,Dutnell,0FJoRS,cdutnellp1@is.gd,6:08:25.000,6:50:23.000,true,false
ipellettp2,Irv,Pellett,yiwDV1ckL,ipellettp2@google.com.hk,0:26:43.000,5:45:08.000,true,true
aayliffp3,Ab,Ayliff,ypOSyg,aayliffp3@sphinn.com,15:47:39.000,17:27:05.000,true,false
acorzonp4,Agace,Corzon,ReFfnjq,acorzonp4@wired.com,8:05:19.000,11:37:39.000,false,true
jcromblehomep5,Jaquith,Cromblehome,jUsqqc3rqwY,jcromblehomep5@usa.gov,8:54:20.000,23:53:51.000,true,true
emangerp6,Elisabetta,Manger,yWI861F,emangerp6@blogger.com,15:11:17.000,6:58:37.000,true,true
enewberryp7,Elbertina,Newberry,TV90LNy5,enewberryp7@jalbum.net,12:59:06.000,9:57:11.000,false,true
jternep8,Jacquelynn,Terne,O3dOEh1Jytl,jternep8@tmall.com,12:39:55.000,13:08:36.000,true,false
droubyp9,Dilly,Rouby,whq1JtQ,droubyp9@xrea.com,13:01:45.000,13:39:59.000,false,true
abourdelpa,Ania,Bourdel,cuTSM7eIfqQ,abourdelpa@sun.com,20:31:15.000,13:26:46.000,false,true
dmucklopb,Dorothy,Mucklo,qI3yzEZjjZZl,dmucklopb@printfriendly.com,15:22:27.000,0:09:52.000,true,true
wfoalepc,Wilhelm,Foale,tWhMG7P,wfoalepc@weebly.com,9:17:29.000,11:37:39.000,true,false
savramowpd,Selina,Avramow,ncA8qpyVr,savramowpd@smh.com.au,17:22:37.000,16:45:52.000,true,false
erisdalepe,Emanuele,Risdale,iDNrbtrorwH,erisdalepe@china.com.cn,21:04:31.000,14:13:05.000,false,true
cbenkinpf,Colman,Benkin,yUGbzyFGt7z7,cbenkinpf@microsoft.com,4:12:36.000,21:37:30.000,true,true
ofairburnepg,Opal,Fairburne,mEuFFeRQjkpy,ofairburnepg@ibm.com,6:08:55.000,15:42:44.000,true,true
ibeldhamph,Ibbie,Beldham,DB4uY5zTzdp,ibeldhamph@lycos.com,1:22:38.000,7:41:27.000,false,true
dhaysarpi,Drew,Haysar,ilmK3e9,dhaysarpi@google.co.uk,0:23:42.000,19:52:44.000,true,true
sshaylorpj,Selle,Shaylor,2zQ3NP,sshaylorpj@networkadvertising.org,15:16:29.000,2:58:10.000,false,false
nsillitoepk,Nealy,Sillitoe,ofBzkp,nsillitoepk@over-blog.com,2:02:22.000,10:25:05.000,true,true
melleynepl,Maryrose,Elleyne,orTLFllia,melleynepl@apache.org,18:05:03.000,5:33:23.000,false,false
dkitsonpm,Doy,Kitson,oVDsrD3DeP,dkitsonpm@huffingtonpost.com,4:20:34.000,7:35:28.000,true,true
lheaphypn,Lammond,Heaphy,81QSedZIsOhr,lheaphypn@ustream.tv,16:13:13.000,16:49:02.000,true,false
ewarbeypo,El,Warbey,HFn2QzNBcr,ewarbeypo@shareasale.com,7:08:55.000,23:07:22.000,false,false
mkendallpp,Mae,Kendall,c9A2TTW2XGqn,mkendallpp@themeforest.net,7:51:48.000,7:35:54.000,true,false
ddecastelainpq,Donall,de Castelain,D3Qoo6OL,ddecastelainpq@admin.ch,3:58:17.000,10:56:03.000,false,true
mmeneopr,Mervin,Meneo,dJm3Qm3neGe,mmeneopr@ft.com,0:00:14.000,11:08:23.000,true,true
rgaltoneps,Robbin,Galtone,tfuEddM6,rgaltoneps@jugem.jp,23:51:52.000,14:08:09.000,false,true
kcudihypt,Kessiah,Cudihy,4XudJV9IDz,kcudihypt@trellian.com,19:18:35.000,17:39:41.000,false,false
scampapu,Sile,Campa,a67Yi9Qp,scampapu@histats.com,18:32:24.000,11:02:45.000,true,false
sreveningpv,Stanislaw,Revening,bV6Dgw,sreveningpv@vistaprint.com,1:11:31.000,4:24:03.000,false,false
vglederpw,Vasili,Gleder,DWyUXFSHFmvf,vglederpw@archive.org,0:26:43.000,6:38:31.000,false,false
ebelliepx,Ennis,Bellie,3efMcA5FfR,ebelliepx@unicef.org,21:57:13.000,6:30:14.000,true,false
rheggpy,Red,Hegg,nmo9ZDDM,rheggpy@printfriendly.com,13:35:58.000,10:20:03.000,true,false
ltittapz,Ly,Titta,97vkYo,ltittapz@sitemeter.com,11:24:45.000,7:58:08.000,true,true
gsartinq0,Gigi,Sartin,W3fzZPGx,gsartinq0@blogtalkradio.com,8:45:02.000,14:12:27.000,true,false
brayerq1,Bradan,Rayer,EpbJhw5sv,brayerq1@yahoo.com,11:48:46.000,14:47:45.000,true,true
tbattabeeq2,Tobin,Battabee,lg0pF1FYcY4,tbattabeeq2@netlog.com,21:01:37.000,15:33:05.000,true,true
wwilloughwayq3,Wang,Willoughway,YV1EDfz2w,wwilloughwayq3@printfriendly.com,16:10:33.000,11:29:05.000,false,false
sglazyerq4,Shurlock,Glazyer,7Tf4nmk,sglazyerq4@is.gd,15:05:44.000,8:06:22.000,false,false
lbillingslyq5,Lucy,Billingsly,MKG2UX,lbillingslyq5@harvard.edu,2:05:32.000,7:21:40.000,false,false
ebraveryq6,Edgar,Bravery,GSYHpZlB,ebraveryq6@shareasale.com,7:26:12.000,8:54:38.000,false,true
sbannesterq7,Simeon,Bannester,H2Kb2yBeQaW,sbannesterq7@vimeo.com,1:34:35.000,18:56:31.000,false,true
mbrentonq8,Malachi,Brenton,XhZPdlXBc3,mbrentonq8@yahoo.com,8:07:14.000,15:20:36.000,true,false
kbroggioq9,Katrina,Broggio,aAJql1Kwesx,kbroggioq9@usgs.gov,14:10:45.000,19:36:12.000,true,true
hpetracciqa,Hadleigh,Petracci,BkQEIdClN,hpetracciqa@sitemeter.com,15:45:02.000,12:38:37.000,false,false
dformoyqb,Dottie,Formoy,RwAjEen,dformoyqb@usnews.com,17:36:08.000,23:17:25.000,false,true
sdurranceqc,Skylar,Durrance,kBv1ytP,sdurranceqc@wix.com,10:44:01.000,7:17:51.000,true,true
rlyardqd,Ram,Lyard,2XuSpIIul,rlyardqd@friendfeed.com,13:56:40.000,21:59:45.000,true,false
lhallamqe,Leeann,Hallam,lySp203E2H09,lhallamqe@flavors.me,10:32:23.000,14:54:23.000,false,false
stesdaleqf,Sybille,Tesdale,yaEJqw0oc,stesdaleqf@newsvine.com,16:38:01.000,10:55:15.000,false,false
gstanmoreqg,Granger,Stanmore,ODiLDtiNS,gstanmoreqg@usatoday.com,23:48:22.000,7:12:27.000,true,false
wslaymakerqh,Wandis,Slaymaker,bgYNBuV90GGu,wslaymakerqh@google.cn,21:23:16.000,14:38:24.000,false,false
nyankinqi,Neils,Yankin,UBN2gv,nyankinqi@cornell.edu,17:41:54.000,23:40:43.000,false,false
aviscoqj,Ann-marie,Visco,tm3n730dQTP,aviscoqj@flickr.com,19:44:32.000,14:49:08.000,true,true
erowanqk,Elaina,Rowan,aqSwaX9B,erowanqk@ocn.ne.jp,4:57:55.000,2:57:22.000,false,false
kbaintonql,Katy,Bainton,6eUyWMgEWJr,kbaintonql@nih.gov,12:46:28.000,0:45:39.000,false,false
bpuntqm,Bordy,Punt,spYVq5C,bpuntqm@bandcamp.com,0:43:44.000,5:06:05.000,true,false
dclaidenqn,Donall,Claiden,p9MrR7j,dclaidenqn@paypal.com,12:28:32.000,11:13:26.000,true,false
vjarayqo,Valaria,Jaray,VXTn0g,vjarayqo@cpanel.net,22:39:16.000,20:28:32.000,false,true
scockittqp,Stephine,Cockitt,udgqZgf,scockittqp@who.int,11:27:02.000,18:35:32.000,false,false
aanneyqq,Arlen,Anney,tB2c3ggjkA,aanneyqq@over-blog.com,11:31:23.000,12:39:41.000,true,true
ahessentalerqr,Austin,Hessentaler,K5cQcL,ahessentalerqr@1688.com,23:17:40.000,16:23:22.000,true,true
czealeyqs,Chad,Zealey,E8vS2hj,czealeyqs@telegraph.co.uk,22:43:13.000,7:48:04.000,true,false
tyarrowqt,Thorvald,Yarrow,atn2RxD7sz,tyarrowqt@netscape.com,23:45:53.000,2:18:37.000,false,true
eellereyqu,Emmalynne,Ellerey,1UFyD0,eellereyqu@digg.com,1:39:56.000,2:08:02.000,false,false
flamborneqv,Frederica,Lamborne,oYA0fwrdv,flamborneqv@ning.com,16:28:23.000,12:06:21.000,true,false
avazqw,Ami,Vaz,v1Xyjg1u,avazqw@surveymonkey.com,2:29:41.000,23:23:49.000,false,false
efranckeqx,Elmore,Francke,5vCCP7U,efranckeqx@cmu.edu,19:18:41.000,7:25:22.000,false,true
fbarnabyqy,Fielding,Barnaby,e3hD4ZKh,fbarnabyqy@github.io,22:34:41.000,6:44:40.000,false,true
lcreminqz,Lacie,Cremin,xAmCUHXAqb,lcreminqz@drupal.org,3:45:02.000,1:37:37.000,false,true
cdismorer0,Catherin,Dismore,o6m67izdsTC,cdismorer0@example.com,6:15:17.000,22:23:08.000,true,true
lduckerr1,Lenora,Ducker,vdg0nGz,lduckerr1@unc.edu,8:31:48.000,12:41:16.000,false,false
afarlower2,Ario,Farlowe,JUBJU1bcc,afarlower2@etsy.com,11:09:50.000,7:07:06.000,false,false
lespr3,Lorine,Esp,jtxNMj,lespr3@geocities.com,12:05:18.000,16:37:23.000,false,true
jeratr4,Juliann,Erat,oTb22b,jeratr4@pagesperso-orange.fr,9:41:45.000,21:15:11.000,true,false
bspandleyr5,Blanche,Spandley,TE2uJGk4dKr,bspandleyr5@amazon.de,16:52:28.000,0:29:20.000,true,false
cextalr6,Collie,Extal,6hOu53ULA9,cextalr6@qq.com,18:25:19.000,8:20:46.000,true,false
kbarnhartr7,Kennith,Barnhart,CvlwpqR,kbarnhartr7@fc2.com,13:39:30.000,8:17:52.000,true,true
mhearmonr8,Marthe,Hearmon,WAevLrMUoPQ,mhearmonr8@usgs.gov,0:46:04.000,0:19:37.000,true,true
lbudcockr9,Loren,Budcock,RhUNDRtRj7w,lbudcockr9@cam.ac.uk,6:49:40.000,22:26:19.000,true,true
jornelesra,Joey,Orneles,XFaHVUMQt,jornelesra@ustream.tv,21:25:41.000,11:59:12.000,false,false
gcudrb,Griff,Cud,je6fPZMEePEu,gcudrb@paginegialle.it,21:48:17.000,21:32:42.000,true,false
ashapirorc,Alvis,Shapiro,zSD670EYYS,ashapirorc@furl.net,18:55:03.000,10:38:14.000,true,true
rricerd,Rem,Rice,nPs4jZnD3H,rricerd@phpbb.com,1:42:33.000,7:57:24.000,false,false
akinningleyre,Arly,Kinningley,q1wE3R,akinningleyre@last.fm,5:28:45.000,14:08:54.000,true,true
ckibbelrf,Clo,Kibbel,OKTOcS66k,ckibbelrf@ustream.tv,8:47:24.000,5:38:47.000,true,false
fbarsbyrg,Fletcher,Barsby,tirAWSE,fbarsbyrg@wordpress.com,15:30:41.000,7:26:48.000,true,false
mpancostrh,Murry,Pancost,c1vQxFSp90c,mpancostrh@gravatar.com,18:40:51.000,13:17:59.000,false,true
apepallri,Alison,Pepall,yFMXCVuS,apepallri@cocolog-nifty.com,2:44:44.000,7:44:27.000,false,true
jblownrj,Jared,Blown,1i3BqJF3,jblownrj@wikipedia.org,15:58:01.000,17:45:08.000,false,false
dillingsworthrk,Daveen,Illingsworth,KTXSVcEGSm,dillingsworthrk@cnet.com,16:38:57.000,2:15:50.000,true,true
yhebardrl,Yorgos,Hebard,XmCqQOkDj,yhebardrl@princeton.edu,10:47:36.000,16:51:17.000,false,true
wtattertonrm,Witty,Tatterton,QhI7FSuZRoRA,wtattertonrm@wikispaces.com,19:12:17.000,14:07:46.000,false,true
kbehninckrn,Kati,Behninck,Qh9JNxH4a3,kbehninckrn@ask.com,8:32:53.000,13:04:07.000,false,true
lpurnellro,Lyn,Purnell,7TvkRgxW,lpurnellro@drupal.org,21:50:19.000,15:56:31.000,true,true
dscollardrp,Debbie,Scollard,Bha9K4rI,dscollardrp@paypal.com,14:39:22.000,9:18:28.000,true,true
edomleorq,Estrellita,Domleo,LCYhVF67mC,edomleorq@reference.com,12:07:58.000,3:15:35.000,false,false
dspurretrr,Dylan,Spurret,LBXpGR,dspurretrr@telegraph.co.uk,3:55:34.000,10:15:25.000,false,false
